0,2005-04-07 00:00:00,2,648,"SE LE HIZO DESCUENTO POR LARGA ESTANCIA"
0,2005-10-31 00:00:00,8,150,"CUENTA"
0,2006-05-03 00:00:00,8,20,"Pago residencia"
0,2006-06-29 00:00:00,3,112.5,"Pago mes de Julio"
1905,2005-02-03 00:00:00,5,219,"Enero"
1905,2005-02-26 00:00:00,5,219,"Febrero"
1937,2012-10-27 00:00:00,8,200,"bono 15"
1937,2015-09-04 00:00:00,3,195,"bono 15"
1937,2015-09-04 00:00:00,9,13.279999732971191,"cuadrar"
1983,2008-07-31 00:00:00,9,1.2000000476837158,"anulación deuda"
1984,2005-02-24 00:00:00,1,350,"adelanto adiestramiento"
2079,2005-04-29 00:00:00,1,60,"entgrega a cuenta"
2079,2005-05-04 00:00:00,1,60,"entrega a cuenta"
2080,2006-12-04 00:00:00,3,65,"a cuenta"
2085,2005-04-09 00:00:00,1,60,"anticipo resiencia"
2104,2005-05-29 00:00:00,2,204,"no paga puesto que el perro se escapó"
2105,2006-01-19 00:00:00,8,126," CUENTA"
2112,2005-07-26 00:00:00,1,400,"ANTICIPO ADIESTRAMIENTO"
2071,2005-04-28 00:00:00,1,50,"Entrega de Reserva 631"
2071,2005-05-04 00:00:00,1,22,"SALDA LA DIFERENCIA"
640,2005-03-29 00:00:00,1,10,"ANTICIPO"
640,2005-07-29 00:00:00,3,70,"CANCELACION"
709,2008-06-10 00:00:00,8,12,"Sobrante de su última estancia"
724,2011-03-22 00:00:00,9,3115,"cuadrar a cero"
735,2005-12-26 00:00:00,8,400,"a cuenta"
2149,2005-06-30 00:00:00,1,40,"ADELANTO RESIDENCIA"
2149,2005-07-05 00:00:00,1,45,"resto res kira"
2151,2005-11-11 00:00:00,8,20,"a cuenta"
2153,2005-07-01 00:00:00,1,38,"Entrega de Reserva 921"
2155,2005-07-02 00:00:00,1,375,"Entrega de Reserva 925"
2026,2005-06-16 00:00:00,1,50,"Entrega de Reserva 832"
2026,2005-07-06 00:00:00,1,25,"RESIDENCIA NANO 2º ENTREGA"
2034,2006-05-12 00:00:00,8,48,"pago adelantado"
2037,2005-05-04 00:00:00,3,60,"entraga a cuenta por cobrado de más."
2042,2005-03-31 00:00:00,1,50,"ANTICIPO RESIDENCIA"
2054,2005-09-16 00:00:00,5,1,"no sé"
2060,2008-07-31 00:00:00,9,45,"anulación deuda"
2159,2005-07-05 00:00:00,2,400,"Entrega de Reserva 946"
2161,2007-09-18 00:00:00,8,450,"1º plazo adiestramiento"
2163,2005-11-02 00:00:00,8,100,"Entrega de Reserva 1480"
2164,2005-07-08 00:00:00,1,100,"ENTREGA A CUENTA"
2165,2005-11-13 00:00:00,8,400,"a cuenta"
1521,2005-06-27 00:00:00,1,14,"adelanto p'róxima estancia"
1521,2007-01-03 00:00:00,8,95,"Residencia Tika"
1521,2008-08-01 00:00:00,3,287,"pago adelantado"
1521,2011-07-30 00:00:00,8,223,"adelanto"
1524,2005-04-27 00:00:00,2,1,"ya te digo"
1554,2005-08-05 00:00:00,1,196,"ANTICIPO"
1554,2005-09-16 00:00:00,2,10,"se le regala el baño"
2139,2005-06-22 00:00:00,1,24,"anticipo"
2144,2005-06-27 00:00:00,1,36,"Entrega de Reserva 888"
2144,2005-08-10 00:00:00,1,100,"entrega a la entrega a domicilio de la perra"
2144,2005-09-06 00:00:00,1,,"debe 455 - 136 =  319"
2241,2005-08-16 00:00:00,3,40,"adelanto residencia"
2249,2005-08-17 00:00:00,1,200,"Entrega de Reserva 1208"
2251,2006-12-01 00:00:00,3,300,"hasta 01/12/2006"
2251,2006-12-15 00:00:00,3,105,"Abonado hasta el 15 dic incluido"
2112,2005-09-16 00:00:00,3,359,"LIQ ADIESTRMIENTO"
2116,2005-05-07 00:00:00,1,40,"adelanto residencia"
2120,2005-08-15 00:00:00,5,1900,"anticipo"
2120,2005-09-21 00:00:00,8,400,"Liquidacion residencia"
991,2005-08-01 00:00:00,8,24,"resto res NIEBLA"
991,2007-03-23 00:00:00,9,138,"a cero"
991,2007-07-07 00:00:00,3,135,"anticipo"
991,2011-07-26 00:00:00,8,68,"A CUENTA"
1038,2010-01-29 00:00:00,5,150,"a cuenta"
1068,2017-03-03 00:00:00,3,195,"bONO 15"
1145,2009-09-10 00:00:00,3,60,"a cuenta"
1580,2005-04-07 00:00:00,1,60,"QUEDA PENDIENTE 1/4 AL 6/4"
1580,2005-09-16 00:00:00,2,648,"YA TE DIGO"
1598,2005-12-27 00:00:00,8,120,"a cuenta"
1654,2005-09-01 00:00:00,2,1,"YA TE DIGO"
1724,2013-04-30 00:00:00,3,200,"bono15"
1905,2005-01-04 00:00:00,5,438,"Noviembre y Diciembre"
430,2005-07-27 00:00:00,8,57,"ADELANTO RESIDENCIA"
492,2008-05-14 00:00:00,3,500,"1º PLAZO ADIESTRAMIENTO"
492,2008-06-20 00:00:00,8,306,"Adiestramiento + nudo"
492,2008-07-24 00:00:00,3,221,"Pago resto adiestramiento"
2308,2005-10-31 00:00:00,8,150,"A CUENTA"
2312,2005-10-06 00:00:00,8,10,"a cuenta"
2322,2008-07-31 00:00:00,9,1,"anulación deuda"
2325,2005-10-25 00:00:00,8,245,"Entrega de Reserva 1435"
2325,2006-02-03 00:00:00,5,420,"A CUENTA"
2353,2005-11-15 00:00:00,8,300,"Entrega de Reserva 1527"
2353,2006-01-18 00:00:00,8,170,"liquidacion"
2353,2006-07-20 00:00:00,8,1,"liquidacion"
2354,2006-01-18 00:00:00,8,456,"liquidacion"
2165,2005-12-29 00:00:00,8,400," a cuenta"
2172,2005-07-28 00:00:00,1,5,"señal para collar antiladridos"
2187,2005-07-02 00:00:00,8,200,"a cuenta"
2187,2006-01-02 00:00:00,8,900,"a cuenta"
2191,2005-07-19 00:00:00,1,50,"anticipo residencia merlín julio"
2205,2006-12-09 00:00:00,8,72,"A CUENTA"
2219,2006-08-01 00:00:00,3,900,"Adiestramiento completo"
2414,2005-12-28 00:00:00,8,120,"A CUENTA"
2414,2006-01-09 00:00:00,8,30,"A CUENTA"
2417,2005-12-29 00:00:00,8,48,"A CUENTA"
2421,2005-12-30 00:00:00,8,45,"a cuenta"
2422,2005-12-30 00:00:00,8,100.3499984741211,"Adelanto"
55,2005-03-29 00:00:00,1,40,"CANCELA"
84,2017-12-26 00:00:00,8,15," a cuenta"
133,2014-09-10 00:00:00,8,400," a cuenta"
135,2005-10-31 00:00:00,8,100,"A CUENTA"
2334,2005-10-29 00:00:00,8,100,"Entrega de Reserva 1470"
2339,2005-11-03 00:00:00,8,200,"A CUENTA"
2339,2005-12-17 00:00:00,5,300," a cuenta"
2339,2006-01-24 00:00:00,5,300,"A CUENTA"
2120,2005-12-31 00:00:00,5,1,"a cuenta"
2126,2005-07-29 00:00:00,1,300,"Entrega de Reserva 1142"
2126,2005-09-08 00:00:00,1,463,"liqu. adiestramiento nero"
2132,2009-04-08 00:00:00,8,90,"adelanto residencia"
2133,2006-01-05 00:00:00,3,153,"a cuenta"
2135,2009-10-05 00:00:00,8,50,"debe 10 €"
2274,2005-12-09 00:00:00,8,50,"A CUENTA"
2274,2007-06-30 00:00:00,8,126,"PAGO ADELANTADO"
2274,2007-07-07 00:00:00,8,14,"adelanto"
2274,2008-07-31 00:00:00,9,62,"Anulación deuda"
2390,2005-12-17 00:00:00,8,280,"entrega a cuenta"
2395,2008-07-31 00:00:00,9,0.009999999776482582,"nunca vino a por la perra"
2396,2005-12-26 00:00:00,8,2,"a cuenta"
2402,2005-12-26 00:00:00,8,36,"a cuenta"
2431,2006-01-09 00:00:00,8,50,"A CUENTA"
2436,2006-01-31 00:00:00,8,120,"a cuenta"
2436,2006-02-03 00:00:00,8,40,"A CUENTA"
2437,2006-02-13 00:00:00,8,72,"A CUENTA"
2437,2009-03-02 00:00:00,3,180,"bono 15"
2438,2006-05-18 00:00:00,5,2784,"Pagó Patxy Guadalajara"
2438,2006-05-18 00:00:00,8,1,"ya te digo"
2339,2006-01-25 00:00:00,5,300,"a cuenta"
2339,2006-03-13 00:00:00,8,200,"Ultimo pago"
2340,2006-01-25 00:00:00,5,400,"a cuenta"
2340,2006-02-03 00:00:00,5,400,"A CUENTA"
2439,2006-02-09 00:00:00,3,450,"A CUENTA"
2439,2006-03-24 00:00:00,3,450,"Pago Final del adiestramiento"
2443,2008-07-31 00:00:00,8,1,"anulación deuda"
2445,2015-08-12 00:00:00,8,28,"a cuenta"
2448,2006-04-17 00:00:00,8,230,"Mes de marzo"
2422,2006-01-27 00:00:00,8,210,"A CUENTA"
2422,2006-03-03 00:00:00,8,210,"Mes de marzo"
2422,2006-04-11 00:00:00,8,105,"Total "
2429,2006-01-09 00:00:00,3,126,"A CUENTA"
1362,2005-03-30 00:00:00,1,32,"entrega a cuenta futura residencia Roco y Rona"
1363,2005-07-04 00:00:00,2,24,"YA TE DIGO"
1363,2005-10-03 00:00:00,8,12,"ya te digo"
1363,2008-03-31 00:00:00,5,122,"Pago deuda"
2470,2006-04-03 00:00:00,3,225,"Pagado Marzo y Abril"
2470,2006-05-08 00:00:00,3,75,"Pago mes de Mayo"
2470,2006-05-31 00:00:00,3,150,"Pago mes de Junio"
2470,2006-06-29 00:00:00,3,112,"Mes de Julio"
2699,2006-07-16 00:00:00,8,14,"Entrega de Reserva 2562"
2700,2006-07-19 00:00:00,8,,"Debe 98€ de su estancia del 11 al 17/07"
2700,2006-07-20 00:00:00,5,98,"liquida"
2700,2008-10-13 00:00:00,8,180,"BONO 15"
2470,2006-07-24 00:00:00,3,27,"Peluquería pluto"
2489,2008-07-14 00:00:00,8,5,"Sobrante por no cambio"
2489,2008-07-23 00:00:00,8,215,"pago deuda"
2489,2008-07-24 00:00:00,8,5,"Sobrante"
2767,2006-08-01 00:00:00,3,245,"Adelanto 50% residencia"
2767,2006-09-15 00:00:00,8,150,"descontada la parte de Angel"
2767,2006-09-27 00:00:00,2,505,"Parte de Angel"
2768,2006-08-03 00:00:00,8,29,"A CUENTA"
2790,2006-08-16 00:00:00,8,97,"a cuenta"
2801,2006-08-22 00:00:00,8,500,"1º plazo de adiestramiento Luky"
2801,2006-12-01 00:00:00,8,300,"Entrega de Reserva 3145"
2801,2006-12-29 00:00:00,8,150,"2ºplazo adiestramiento Beethoven"
2808,2006-08-24 00:00:00,3,400,"1º plazo de adiestramiento"
2325,2006-03-02 00:00:00,5,205,"a cuenta"
2325,2006-05-04 00:00:00,5,400,"Ingreso en Cuenta"
2325,2006-09-08 00:00:00,8,220,"entrega a cuenta"
2325,2006-11-10 00:00:00,5,220,"Mes de octubre"
2325,2006-12-07 00:00:00,8,220,"Mes de noviembre"
2325,2006-12-28 00:00:00,8,150,"Ultimo pago"
2296,2006-10-21 00:00:00,8,468,"Pago hasta 21 de octubre 06"
2296,2006-11-25 00:00:00,8,232,"Pago hasta 25 noviembre"
2296,2007-03-02 00:00:00,8,750,"Diciembre, enero y febrero"
2296,2008-03-03 00:00:00,8,150,"Entrega a cuenta el 29/02"
2296,2008-06-07 00:00:00,8,500,"Pago parte de estancia Roco, Beltza..."
2296,2008-07-02 00:00:00,8,700,"a cuenta  beltza roco"
2808,2006-08-24 00:00:00,8,500,"1ºplazo de adiestramiento"
2811,2009-11-30 00:00:00,3,150,"hasta 25 de noviembre"
2811,2010-02-02 00:00:00,3,120,"pagado diciembre,( le debiamos 30€)"
2811,2010-03-03 00:00:00,3,150," a cuenta febrero pagado"
2388,2006-02-03 00:00:00,8,600,"LIQUIDACION"
2388,2006-12-13 00:00:00,8,120,"Abono residencia"
2257,2006-12-26 00:00:00,3,84,"A CUENTA"
2267,2008-03-06 00:00:00,8,250,"Abono hasta el 15/03"
2267,2008-04-18 00:00:00,5,250,"Pago mes de abril"
2267,2008-05-09 00:00:00,8,230,"Ultimo pago"
2871,2006-12-16 00:00:00,3,450,"2º plazo adiestramiento"
2871,2006-12-16 00:00:00,8,17.600000381469727,"Compra collar y correa"
2872,2007-07-31 00:00:00,8,,"Apertura cuenta cliente"
2872,2008-07-31 00:00:00,9,13,"pago deuda"
0,2006-09-15 00:00:00,8,150,"descontado el % angel"
0,2006-12-29 00:00:00,8,150,"Ultimo plazo adiestramiento Beethoven"
0,2007-04-02 00:00:00,5,230,"Mes de abril"
0,2007-04-02 00:00:00,8,230,"Mes de marzo"
2949,2007-03-02 00:00:00,3,230,"Mes de marzo"
2949,2007-04-02 00:00:00,5,230,"Mes de Abril"
2949,2007-05-03 00:00:00,5,230,"Pago mes de mayo"
2949,2007-06-04 00:00:00,5,230,"Mes de Junio"
2960,2007-04-03 00:00:00,8,28,"Baño perros"
2968,2009-08-24 00:00:00,8,,"Apertura cuenta cliente"
2968,2009-09-07 00:00:00,3,105,"cerrar cuenta"
2971,2007-02-19 00:00:00,8,49,"a cuenta"
2979,2007-03-02 00:00:00,8,57.5,"Pago 10 dias"
2979,2007-04-02 00:00:00,8,230,"Mes de Marzo"
2979,2007-05-05 00:00:00,8,200,"Mes de Abril"
2979,2007-06-02 00:00:00,3,200,"Mes de Mayo"
2979,2007-08-04 00:00:00,3,100,"Mes de Julio"
2979,2007-09-01 00:00:00,8,100,"Mes de Agosto"
2624,2007-05-27 00:00:00,8,,"Apertura cuenta cliente"
2624,2007-05-31 00:00:00,8,135,"Pago ultima estancia mayo"
2658,2013-05-06 00:00:00,9,96,"pendiente"
2658,2016-01-13 00:00:00,3,70,"cancela cuenta"
0,2007-05-05 00:00:00,8,200,"Mes de Abril"
0,2007-06-09 00:00:00,2,770.9000244140625,"Pago residencia hasta 14/06, veterinario, etc"
0,2008-07-16 00:00:00,8,700,"A CUENTA"
38,2005-03-03 00:00:00,1,420,"Pago meses Febrero y marzo"
55,2005-03-22 00:00:00,1,50,"Entrega de Reserva 477"
3038,2007-04-10 00:00:00,8,,"Nueva cuenta"
3038,2008-07-28 00:00:00,8,65,"error contable"
3039,2007-05-24 00:00:00,8,63,"Sobrante mes anterior"
3039,2007-07-27 00:00:00,8,250,"Mitad estancia agosto"
2279,2006-02-14 00:00:00,8,200,"A CUENTA"
2279,2006-03-31 00:00:00,8,200,"Entrega a cuenta mes de marzo"
2279,2006-06-28 00:00:00,8,500,"Mes abril, mayo y mitad junio"
2279,2006-10-10 00:00:00,8,700,"Mitad Junio, Julio, Agosto, Septiembre"
2281,2008-07-31 00:00:00,9,1,"anulación deuda"
2354,2006-11-15 00:00:00,8,370,"a cuenta adiestramiento"
2361,2009-09-20 00:00:00,3,300,"bono 15"
2361,2010-06-02 00:00:00,3,180,"BONO 15"
2361,2010-06-02 00:00:00,9,116,"REGULARIZO"
2936,2007-06-25 00:00:00,5,11,"FALTABA DEL 19/06"
2936,2007-06-25 00:00:00,8,11,"FALTABA DEL 19/06"
2949,2007-01-02 00:00:00,5,230,"Pago mes de Enero 2007"
2949,2007-02-02 00:00:00,5,230,"Pago mes de febrero 2007"
3057,2007-06-09 00:00:00,2,770.9000244140625,"Pago hasta 14/06 residencia, baños, veterinario, etc"
3057,2007-08-01 00:00:00,5,978,"Residencia y baños hasta 31 de Agosto"
3057,2007-10-27 00:00:00,2,600,"Abonado hasta el 31 de octubre"
3057,2008-01-16 00:00:00,8,600,"Abonado hasta 31 de diciembre 07"
2983,2007-07-02 00:00:00,8,400,"Liquidación"
2996,2007-08-22 00:00:00,8,,"Apertura cuenta cliente"
2996,2007-08-27 00:00:00,3,60,"Pago residencia"
3000,2007-07-03 00:00:00,8,30,"ANTICIPO"
3014,2012-06-29 00:00:00,8,48,"a cuenta"
2949,2007-08-06 00:00:00,5,230,"Pagado mes de Agosto"
2949,2007-09-07 00:00:00,5,230,"Mes de Septiembre"
2949,2007-10-02 00:00:00,5,230,"Mes de octubre"
2949,2007-11-05 00:00:00,5,230,"Mes de noviembre"
3285,2007-10-22 00:00:00,2,450,"1º plazo adiestramiento"
3285,2008-01-04 00:00:00,2,464,"Plazo final adiestramiento + baño"
3305,2009-01-07 00:00:00,9,,"Apertura cuenta cliente"
3305,2009-03-22 00:00:00,9,2800,"cuadrar a cero"
3319,2009-01-05 00:00:00,9,,"Apertura cuenta cliente"
3319,2009-03-22 00:00:00,9,10,"cuadrar a cero"
2949,2007-12-03 00:00:00,5,230,"Pago mes de diciembre"
2949,2008-01-08 00:00:00,8,230,"Pago mes de enero"
2949,2008-02-02 00:00:00,5,230,"mensualidad"
2949,2008-03-07 00:00:00,8,230,"Pago mes de marzo"
2960,2007-03-17 00:00:00,3,419,"hasta el 16 de marzo"
2960,2007-03-31 00:00:00,3,285,"Resto de pago"
3057,2008-03-25 00:00:00,2,900,"Abonado hasta el 31 de marzo"
3057,2008-04-26 00:00:00,3,454,"Abonado hasta 30 de abril + baño + collares + veterinario"
3057,2008-09-10 00:00:00,8,1200,"hasta 30 agosto "
3057,2008-11-19 00:00:00,9,650,"pago talón con el resto de estancia"
3062,2014-08-18 00:00:00,8,56," A CUENTA"
2573,2008-03-27 00:00:00,5,,"Deja a deber su estancia del 25 al 26/3"
2573,2008-04-07 00:00:00,8,44,"pago q la quedaba por abonar"
2573,2008-04-07 00:00:00,9,44,"equivocación"
2573,2008-05-26 00:00:00,8,150,"Pago estancia y más"
735,2006-02-19 00:00:00,8,400,"liquida"
805,2010-01-18 00:00:00,8,180,"bone 15"
805,2010-03-23 00:00:00,9,27,"a cero"
849,2007-08-17 00:00:00,3,205.55999755859375,"a cuenta"
1363,2008-04-28 00:00:00,5,286,"Pago estancia abril"
1363,2008-05-20 00:00:00,5,342,"Pago residencia mayo"
1363,2008-06-26 00:00:00,5,256,"res junio"
1363,2008-09-04 00:00:00,5,662,"Salda deuda de las 2 últimas estancias"
3449,2008-06-27 00:00:00,8,162,"A CUENTA"
3452,2010-02-08 00:00:00,8,300,"BONO 30 DIAS"
3452,2010-10-07 00:00:00,3,290,"bono 30 dias"
3452,2011-01-23 00:00:00,3,340,"bono 30"
3411,2008-07-05 00:00:00,8,400,"A CUENTA RESIDENCIA"
3412,2008-03-23 00:00:00,9,110,"a cero"
3412,2008-11-27 00:00:00,8,300,"Compra BONO 30"
3412,2008-12-09 00:00:00,8,40,"adelanto transportes"
3412,2012-06-25 00:00:00,8,279.8999938964844,"bono mas cuadre"
3438,2008-07-15 00:00:00,8,,"APERTURA CUENTA CLIENTE"
3438,2008-07-16 00:00:00,8,112,"Pago deuda"
3464,2008-07-03 00:00:00,3,70,"PAGA POR ADELANTADO"
3464,2008-07-07 00:00:00,8,10,"liquida"
3464,2008-07-31 00:00:00,9,85,"habia pagado ya todo"
3495,2011-03-02 00:00:00,8,200," bono 15"
2490,2006-03-24 00:00:00,8,36,"a cuenta"
2491,2009-04-30 00:00:00,3,60,"Adelanto residencia"
2491,2012-07-27 00:00:00,3,60,"RESIDENCIA PERRO"
2501,2008-07-31 00:00:00,9,75,"anulación deuda"
2504,2008-07-31 00:00:00,9,56,"Anulación deuda"
2507,2006-07-29 00:00:00,8,450,"1º PLAZO ADIESTRAMIENTO"
1163,2008-06-16 00:00:00,8,5,"deuda saldada"
1327,2008-07-31 00:00:00,9,123,"Anulacion deuda"
627,2005-06-16 00:00:00,1,62,"entrega a cuenta"
627,2008-07-31 00:00:00,9,223,"anulacion deuda"
2326,2005-12-31 00:00:00,8,1,"a cuenta"
2329,2008-11-21 00:00:00,8,180,"BONO15"
2331,2008-07-31 00:00:00,9,36,"anulación deuda"
2448,2006-06-10 00:00:00,8,230,"Pago mes de Abril"
2448,2007-03-09 00:00:00,8,1265,"Hasta mediados de Octubre"
2448,2008-07-31 00:00:00,9,1400,"Nunca pagó los 1400, se llevó el perro sin pagar"
2449,2008-07-31 00:00:00,9,1,"anulación deuda"
2458,2006-05-12 00:00:00,8,72,"adelanto"
2592,2006-05-11 00:00:00,8,50,"a cuenta"
2592,2009-09-03 00:00:00,3,72,"a cuenta"
2599,2018-02-22 00:00:00,8,45,"a cuenta"
2602,2008-07-31 00:00:00,9,16,"Anulación deuda"
2605,2008-07-31 00:00:00,9,16,"anulación deuda"
2623,2006-06-05 00:00:00,2,250,"Adelanto Residencia de Buda"
1985,2006-02-23 00:00:00,8,15,"a cuenta"
2000,2005-12-31 00:00:00,8,5,"a cuenta"
2002,2008-07-31 00:00:00,9,12,"anulación deuda"
2004,2005-03-03 00:00:00,1,300,"PLAZO ADIESTRAMIENTO"
2004,2005-04-11 00:00:00,2,870,"el perro no se entrena queda que nos da 300€ y le devolvemos con esta fecha 130"
3536,2008-09-13 00:00:00,8,30,"Entrega de Reserva 5730"
3537,2008-09-15 00:00:00,8,30,"abono residencia"
3538,2008-09-22 00:00:00,8,50,"pago a cuenta"
3538,2008-09-24 00:00:00,8,10,"saldo deuda"
3540,2008-09-28 00:00:00,9,,"Apertura cuenta cliente"
3540,2008-10-10 00:00:00,9,35,"pago de veterinario por nuestra parte"
3355,2008-03-25 00:00:00,5,100,"1º pago residencia "
3355,2008-04-07 00:00:00,5,100,"2º pago residencia"
3360,2008-10-30 00:00:00,8,300,"bono 30 dias"
3360,2008-11-04 00:00:00,9,60,"error al cobrar con el bono"
3360,2009-02-19 00:00:00,8,150,"bono 30 noches"
2296,2008-07-04 00:00:00,8,450," a cuenta"
2296,2008-10-16 00:00:00,9,150,"Le regalamos los últimos dias de estancia de Rocco "
2296,2008-11-22 00:00:00,8,500,"Salda deuda de Rocco y paga parte de residencia Beltza"
2296,2008-12-24 00:00:00,8,690,"3 meses Beltza hasta el 15/11/2008"
2296,2009-04-06 00:00:00,3,1000,"Pagado todo hasta el 15/04/2009"
2301,2008-10-06 00:00:00,3,304,"Bono 30 + 2 paseos"
2273,2005-08-31 00:00:00,1,50,"A CUENTA"
2273,2005-09-06 00:00:00,1,22,"liquidacion"
2273,2008-10-10 00:00:00,5,90,"anula deuda"
2273,2008-10-10 00:00:00,9,75,"SALDO CUENTA"
2274,2005-12-03 00:00:00,8,50,"ENTREGA A CUENTA"
2573,2008-09-22 00:00:00,8,150,"a cuenta"
2573,2008-09-22 00:00:00,9,112,"error del programa, debe 47€"
2573,2008-10-11 00:00:00,3,47,"saldo deuda"
2573,2008-12-15 00:00:00,8,87,"Anulación deuda"
3540,2008-10-14 00:00:00,5,135,"pago deuda"
3551,2008-10-23 00:00:00,8,105,"Entrega de Reserva 5822"
3555,2009-01-02 00:00:00,3,300,"BONO 30 "
3555,2009-03-23 00:00:00,9,52,"a cero"
3119,2007-07-06 00:00:00,3,135,"ADELANTO"
3134,2007-07-31 00:00:00,8,1000,"Adiestramiento"
3156,2009-01-15 00:00:00,8,310,"resto"
3156,2010-01-17 00:00:00,8,300,"bono 30"
3156,2010-03-23 00:00:00,9,240,"a cero"
3164,2009-03-22 00:00:00,9,127,"cuadrar a cero"
3370,2008-10-17 00:00:00,5,750,"Pagado hasta el 1 de septiembre"
3370,2008-11-06 00:00:00,5,465,"Salda deuda pendiente de Luna"
3399,2010-03-30 00:00:00,8,90,"A CUENTA"
3399,2011-01-02 00:00:00,3,51,"A CUENTA"
3407,2009-10-05 00:00:00,8,40,"rezidencia"
2507,2006-09-15 00:00:00,8,450,"Ultimo plazo adiestramiento"
2525,2008-11-11 00:00:00,9,,"Apertura cuenta cliente"
2525,2008-11-14 00:00:00,3,80,"Pago deuda"
2567,2009-03-01 00:00:00,2,300,"Bono 30"
3045,2008-11-23 00:00:00,8,480,"BONO30 (2 perros)"
3054,2008-07-28 00:00:00,8,1,"apertura cuenta cliente"
3054,2008-08-02 00:00:00,8,141,"Pago deuda"
3054,2010-03-08 00:00:00,8,100,"PAGO A CTA"
3054,2011-03-07 00:00:00,8,51,"estancia 11/02/2011 a 15/02/2011"
3054,2011-08-01 00:00:00,8,100,"residencia"
3057,2007-04-14 00:00:00,8,41.900001525878906,"Collares Scalibor"
3438,2008-09-04 00:00:00,8,304,"Saldo deuda"
3438,2008-12-29 00:00:00,8,300,"BONO15 - 2perros"
3446,2008-07-16 00:00:00,8,,"Crear cuenta cliente"
3446,2008-07-23 00:00:00,8,700,"1º abono hasta 15 sept"
3446,2008-09-16 00:00:00,8,458,"Pago vacunas y hasta el 15/10/2008"
1363,2008-10-10 00:00:00,5,268,"Pago última estancia"
1363,2008-11-06 00:00:00,8,100,"pago últimas facturas"
1363,2008-11-28 00:00:00,5,300,"BONO 30"
1498,2005-09-02 00:00:00,1,30,"A CUENTA"
3364,2008-12-01 00:00:00,9,,"Apertura cuenta cliente"
3364,2008-12-04 00:00:00,5,100,"BEDIA"
3364,2009-07-30 00:00:00,3,200,"Adelanto residencia Agosto"
3370,2008-04-01 00:00:00,5,660,"Pago hasta el 1/04/2008"
3370,2008-05-21 00:00:00,8,500,"abril y mayo"
3070,2008-12-27 00:00:00,3,305,"Pago residencia y 15 dias adiestramiento"
3070,2008-12-27 00:00:00,8,12,"pago paseos adicionales"
3070,2009-01-17 00:00:00,3,300,"a cuenta entrenamiento"
3070,2009-02-11 00:00:00,8,200," A CUENTA"
2407,2005-12-26 00:00:00,8,400,"CUENTA"
2407,2006-02-19 00:00:00,8,400," A CUENTA"
2412,2008-12-29 00:00:00,8,180,"BONO15"
2413,2005-12-31 00:00:00,8,36,"a cuenta"
3321,2008-09-13 00:00:00,8,30,"ADELANTO"
3347,2008-10-02 00:00:00,3,180,"BONO 15"
3347,2008-10-15 00:00:00,3,180,"Bono 15"
3347,2009-03-10 00:00:00,3,300,"BONO 30 DIAS"
3605,2009-01-11 00:00:00,8,180,"BONO 15"
3608,2011-05-31 00:00:00,8,132,"A CUENTA"
3609,2009-01-26 00:00:00,3,,"no tenia pasta"
3609,2009-02-16 00:00:00,8,120,"paga atraso y nueva estancia"
3610,2009-02-03 00:00:00,8,317,"mes y vestido rojo"
3070,2009-02-27 00:00:00,8,50,"a cuenta entrenamiento"
3070,2009-03-07 00:00:00,3,300," a cuenta"
3070,2009-05-14 00:00:00,3,75,"Adelanto estancia"
3070,2009-07-18 00:00:00,3,15,"pago residencia"
3101,2009-02-11 00:00:00,8,5,"SOBRA DE FACTURA, SIN CAMBIO"
3108,2008-10-24 00:00:00,3,180,"bono 15 dias"
3612,2009-03-16 00:00:00,8,180,"BONO 15 NOCHES"
3612,2010-03-10 00:00:00,3,180,"bono 15"
3612,2011-03-22 00:00:00,9,3,"cuadrar a cero"
3616,2009-02-20 00:00:00,3,180,"BONO 15"
3616,2009-03-23 00:00:00,8,9,"Error en el cobro"
3640,2009-03-13 00:00:00,8,45," a cuenta"
3645,2011-03-22 00:00:00,9,186.64999389648438,"cuadrar a cero"
3645,2011-05-03 00:00:00,3,200,"bono 15"
3645,2017-03-17 00:00:00,3,45,"A CUENTA"
3653,2009-04-13 00:00:00,8,180,"Bono 15"
3658,2009-04-21 00:00:00,5,80,"PAGO DEUDA"
3709,2009-05-29 00:00:00,3,190,"Pagado hasta el 1 de junio"
3709,2009-06-30 00:00:00,8,300,"Pagado hasta 1 julio"
3709,2009-07-31 00:00:00,8,321,"Pagado hasta el 1 de agosto"
3709,2009-08-31 00:00:00,8,300,"Hasta el 1 de septiembre"
3727,2009-08-01 00:00:00,8,200,"Paga hata 30/07"
3727,2009-09-04 00:00:00,8,400,"AGOSTO Y SEPTIEMBRE"
3727,2009-12-05 00:00:00,8,400,"PAGADO HASTA 30/11"
3727,2010-02-17 00:00:00,5,400,"a cuenta"
3521,2008-09-23 00:00:00,5,600,"pago factura "
3529,2009-09-02 00:00:00,8,180,"Anticipo res"
3743,2009-07-18 00:00:00,8,170,"Pagado hasta el 17/08/2009"
3743,2009-08-21 00:00:00,8,170,"Pagado hasta el 17/09/2009"
3754,2009-09-25 00:00:00,3,180,"bono 15"
3754,2009-09-25 00:00:00,9,18,"cuadrar a cero"
3797,2009-10-13 00:00:00,3,300,"bono 30"
2341,2009-09-26 00:00:00,3,250,"bono 15 dias para 2 perros"
2347,2005-11-10 00:00:00,8,320,"Entrega de Reserva 1500"
2348,2006-09-27 00:00:00,5,2000,"Lo que tedigo"
2348,2008-07-31 00:00:00,9,14.800000190734863,"saldo deuda"
3892,2009-09-02 00:00:00,3,110,"a cuenta"
3897,2009-09-07 00:00:00,3,30,"a cuenta"
3902,2011-01-03 00:00:00,3,47," a cuenta"
3913,2009-11-24 00:00:00,3,300,"BONO 30 DIAS"
3913,2010-10-04 00:00:00,3,340,"bono 30 dias"
3913,2011-07-01 00:00:00,3,340,"BONO 30"
3922,2009-10-09 00:00:00,8,88,"A CUENTA"
3927,2009-12-09 00:00:00,3,180,"bono 15 dias"
3927,2010-10-14 00:00:00,9,106.29999732971191,"balance a 14/10/2010"
3927,2010-12-17 00:00:00,3,200,"bono15"
3927,2013-04-07 00:00:00,3,200,"bono 15"
3928,2009-10-13 00:00:00,8,180,"BONO 15"
3937,2009-11-07 00:00:00,3,30,"Entrega de Reserva 7215"
2301,2008-10-06 00:00:00,8,6,"error apertura cuenta"
2301,2009-11-03 00:00:00,9,270,"errores acumulados"
2301,2009-11-10 00:00:00,3,300,"bono 30 dias"
2301,2011-02-07 00:00:00,9,311.30999755859375,"REGULARIZAR"
2301,2011-02-08 00:00:00,3,340,"BONO 30 DIAS"
2301,2011-09-12 00:00:00,3,340,"BONO 30"
2301,2011-09-12 00:00:00,9,90.37000274658203,"regularizado"
2832,2006-10-17 00:00:00,8,210,"Pago de 16 de oct a 16 de nov"
2832,2006-11-17 00:00:00,8,210,"Del 17/11 al 17/12"
2849,2010-12-30 00:00:00,3,153,"a cuenta"
2871,2006-11-04 00:00:00,3,450,"1º plazo adiestramiento Kira"
2871,2006-12-02 00:00:00,8,190,"Compra de transportin gigante"
3259,2009-12-04 00:00:00,3,105," A CUENTA"
3259,2010-07-21 00:00:00,8,72,"A CUENTA"
3259,2016-10-12 00:00:00,8,90,"a cuenta"
3277,2009-12-09 00:00:00,3,300,"BONO 30"
3277,2010-10-13 00:00:00,3,340,"BONO 30"
3277,2010-10-13 00:00:00,9,23,"balance"
3277,2012-01-31 00:00:00,3,340,"bono 30"
3968,2009-12-19 00:00:00,8,200,"A CUENTA RES"
3972,2009-12-22 00:00:00,3,60,"A CUENTA"
3984,2018-07-20 00:00:00,8,48,"A CUENTA"
3987,2009-12-28 00:00:00,8,75,"a cuenta"
3996,2010-01-22 00:00:00,3,180,"BONO 15"
3709,2009-10-02 00:00:00,3,300,"mes de sept"
3709,2009-12-09 00:00:00,3,300,"pag noviembre"
3709,2009-12-30 00:00:00,3,300,"MES DE DICIEMBRE"
3709,2010-02-01 00:00:00,8,275,"mes de Enero y 1/2 jeringuillas"
3709,2010-03-17 00:00:00,3,275,"FEBRERO NOVAK"
3709,2010-04-13 00:00:00,3,275,"A CUENTA"
3727,2009-05-30 00:00:00,8,200,"Pagado hasta el 30/06/2009"
3939,2010-01-07 00:00:00,8,200,"pagado diciembre"
3939,2010-02-16 00:00:00,8,400,"pagado febrero"
3939,2010-04-14 00:00:00,8,400,"pagado Marzo y Abril"
3939,2010-10-11 00:00:00,8,600,"residencia"
1163,2006-05-01 00:00:00,8,10,"adelanto"
1163,2006-05-02 00:00:00,8,10,"adelanto"
1163,2006-05-03 00:00:00,8,50,"Pago residencia"
1163,2007-11-12 00:00:00,8,35,"Pago importe atrasado"
1163,2008-03-22 00:00:00,9,30,"cuadrar a cero"
2567,2009-03-01 00:00:00,8,300,"Bono 30"
2567,2010-02-01 00:00:00,9,25,"balance"
2567,2010-02-11 00:00:00,8,180,"bono 15"
2567,2011-06-24 00:00:00,8,64,"ADELANTO"
2568,2008-09-01 00:00:00,9,5,"equivocación "
2875,2010-02-12 00:00:00,8,88,"a cuenta"
2877,2010-04-09 00:00:00,8,495,"salida 9/4/2010"
2898,2012-09-21 00:00:00,3,212,"bono15"
2899,2008-12-09 00:00:00,8,180,"bono 15"
2915,2007-04-10 00:00:00,8,,"-111"
2915,2008-07-28 00:00:00,9,111,"no paga"
4016,2010-02-05 00:00:00,8,45," A CUENTA"
4024,2010-02-12 00:00:00,8,60," a cuenta del mes de febrero"
4024,2010-03-09 00:00:00,8,90," a cuenta"
4024,2010-04-09 00:00:00,8,140,"a cuenta mes marzo"
4024,2010-04-21 00:00:00,8,50,"a cuenta"
4024,2010-05-18 00:00:00,8,150,"hasta 12 de junio pagado ?"
2573,2009-08-21 00:00:00,5,830,"Pago de deudas pendientes"
2573,2010-03-02 00:00:00,8,145,"PAGA RES ACCTUAL Y DEUDA"
2573,2010-04-25 00:00:00,8,195,"PAGO DEUDA"
2573,2010-07-09 00:00:00,5,170,"LIQUIDACION"
2274,2008-09-08 00:00:00,8,210,"Adelanto estancia del 8 al 21/09/08"
2274,2010-03-06 00:00:00,8,45,"ANTICIPO RESIDENCIA"
2274,2010-03-10 00:00:00,8,15,"a cuenta residencia"
2279,2006-01-17 00:00:00,8,200,"a cuenta"
2700,2009-10-13 00:00:00,3,180,"bo0no 15"
2700,2010-03-18 00:00:00,3,180,"bono 15"
2700,2010-03-18 00:00:00,9,6,"ajuste"
2761,2006-03-22 00:00:00,9,35,"cuadrar a cero"
2761,2006-08-16 00:00:00,8,100,"A CUENTA"
3727,2010-04-03 00:00:00,8,400,"pagado hasta 280de febrero"
3727,2010-07-19 00:00:00,8,720,"MESES MAS 120€ DE VETER"
3727,2010-08-05 00:00:00,8,200,"mes "
3727,2010-08-31 00:00:00,8,200,"MES AGOSTO"
4028,2010-02-18 00:00:00,8,85,"a cuenta"
4034,2010-02-27 00:00:00,8,45," A CUENTA"
4034,2010-03-05 00:00:00,8,65,"PAGO LIQUIDACION"
4046,2011-09-05 00:00:00,3,200,"bono 15"
4046,2011-12-19 00:00:00,3,300,"paga estancia"
4049,2010-05-12 00:00:00,8,88,"Efectivo"
4012,2010-04-20 00:00:00,5,440,"a cuenta"
4012,2010-05-13 00:00:00,5,348," a cuenta"
4012,2010-06-15 00:00:00,5,225,"a cuenta"
4012,2010-07-14 00:00:00,5,220,"A CUENTA"
2376,2008-07-31 00:00:00,9,60,"anula deuda"
2383,2007-06-23 00:00:00,8,30,"ANTICIPO"
2383,2008-07-31 00:00:00,9,30,"anulación deuda"
2388,2006-01-18 00:00:00,8,1000,"a cuenta"
3946,2010-06-08 00:00:00,9,,"hermana j de miguel"
3947,2009-12-07 00:00:00,8,180,"bono 15"
3958,2010-01-04 00:00:00,3,300,"bono 30"
3958,2010-03-23 00:00:00,9,4,"a cero"
3958,2013-08-23 00:00:00,3,216,"A CUENTA"
3963,2010-01-08 00:00:00,8,300,"Bono 30"
3966,2011-03-22 00:00:00,9,405,"cuadrar a cero"
4148,2010-06-25 00:00:00,8,15,"A CUENTA"
4156,2010-07-09 00:00:00,8,230," A CUENTA"
4158,2010-07-21 00:00:00,3,40,"a cuenta"
4158,2010-07-21 00:00:00,8,500," a cuenta"
4158,2011-06-16 00:00:00,8,264,"A CUENTA"
4173,2010-09-06 00:00:00,8,300," a cuenta"
2811,2010-04-05 00:00:00,3,150,"mes"
2811,2010-08-03 00:00:00,3,150,"MES"
2811,2010-09-02 00:00:00,8,50,"a cuenta"
2820,2009-09-14 00:00:00,8,170,"A CUENTA"
2820,2013-06-24 00:00:00,8,10,"adelanto"
2832,2006-10-16 00:00:00,8,210,"Pago del 16 de septiembre al 16 de Octubre"
4176,2010-07-29 00:00:00,3,170,"cuenta cliente"
4176,2011-08-02 00:00:00,3,187,"adelanto"
4176,2012-10-13 00:00:00,5,370,"parte de octubre y noviembre"
4176,2012-11-29 00:00:00,3,240,"mes"
4024,2010-07-12 00:00:00,8,150,"pagado hasta 12/8 faltan 100 €"
4024,2010-08-11 00:00:00,8,100,"A CUENTA"
4024,2010-09-16 00:00:00,8,100,"A CUENTA"
4024,2010-10-07 00:00:00,8,200,"octubre completo y medio septiembre"
4024,2010-11-12 00:00:00,9,325,"LIQUIIDA"
4027,2009-03-22 00:00:00,9,606,"cuadrar a cero"
3108,2008-11-04 00:00:00,9,9,"error al cobrar bono 15"
3108,2010-09-16 00:00:00,3,200,"bono 15"
3108,2010-09-16 00:00:00,9,27,"regulariza"
3108,2011-05-09 00:00:00,3,200,"bono 15"
3108,2012-08-17 00:00:00,3,424,"BONO 15"
3108,2012-08-17 00:00:00,9,12.6899995803833,"cuadrar"
3914,2009-09-27 00:00:00,3,180,"bono 15"
3915,2009-09-25 00:00:00,8,500," CUENTA"
3916,2009-09-25 00:00:00,8,45,"a cuenta"
3919,2009-10-06 00:00:00,8,90,"a cuenta"
3454,2008-07-29 00:00:00,3,174,"Resto estancia"
3455,2009-03-21 00:00:00,3,625,"pagado salida el 24/3/2009"
3455,2009-05-14 00:00:00,8,100,"a cuenta por mensajero"
3462,2008-06-30 00:00:00,8,230,"A CUENTA MES JULIO"
3347,2009-11-30 00:00:00,3,304,"bono 30 dias"
3347,2010-10-18 00:00:00,3,340,"bono 30"
3347,2010-10-18 00:00:00,9,99,"balance"
3347,2011-11-30 00:00:00,3,340,"BONO 30"
4267,2010-10-01 00:00:00,8,58.5,"RESIDENCIA - MAS PASEOS 3 DIAS"
4271,2010-10-23 00:00:00,3,120,"adelanto / 5 noches"
4284,2010-11-05 00:00:00,3,51,"anticipo"
4284,2011-02-02 00:00:00,8,85," a cuenta"
4285,2010-11-02 00:00:00,8,100,"A CUENTA"
4288,2011-08-11 00:00:00,8,85,"A CUENTA"
4293,2010-11-12 00:00:00,3,51,"A CUENTA"
3164,2009-03-23 00:00:00,8,5,"sobrante ultima residencia"
3168,2010-10-22 00:00:00,9,64.9000015258789," cuadrar a cero"
3168,2010-10-28 00:00:00,8,335,"BONO 30 DIAS"
3175,2011-07-30 00:00:00,8,289,"adelanto"
3206,2008-07-31 00:00:00,9,2,"anulación deuda"
3254,2007-08-28 00:00:00,8,60,"Abona hasta el 27/08/07"
3616,2010-11-02 00:00:00,3,200,"bono 15"
3616,2011-04-11 00:00:00,3,200,"bono 15"
3616,2011-09-12 00:00:00,3,200.05999755859375,"bono 15"
3616,2012-05-16 00:00:00,3,200,"bono 15"
3616,2012-05-16 00:00:00,9,10.960000038146973,"cuadrar"
3616,2013-03-17 00:00:00,3,200,"bono 15"
4316,2010-12-20 00:00:00,8,48,"del 20/12/2010 al 20/1/2011"
4326,2015-09-08 00:00:00,9,0.20000000298023224,"cuadrar"
4328,2013-12-27 00:00:00,3,84,"a cuenta"
4330,2011-01-03 00:00:00,8,68,"a cuenta"
4345,2011-02-15 00:00:00,8,51,"anticipo"
222,2009-01-05 00:00:00,3,300,"Bono 30"
222,2009-03-04 00:00:00,9,20,"BONO 30"
222,2009-04-08 00:00:00,8,180,"Bono 15"
231,2005-09-23 00:00:00,8,12,"LIQ RESIDENCIA"
4005,2010-01-23 00:00:00,3,180,"bono 15"
4005,2011-01-14 00:00:00,3,200,"bono 15"
4005,2013-01-27 00:00:00,3,200,"Bono15"
4008,2010-10-12 00:00:00,3,340,"bono 30"
4012,2010-01-30 00:00:00,3,325,"A CUENTA, MES DE FREBRERO"
4116,2010-10-25 00:00:00,8,200,"BONO 15"
4116,2011-06-20 00:00:00,9,270.5199966430664,"BONO 15"
4116,2011-10-05 00:00:00,3,156.57000732421875,"bono 15"
4116,2012-07-30 00:00:00,9,42.20000076293945,"FINAL BONO"
4116,2012-09-19 00:00:00,3,200,"bono 15"
4116,2012-12-10 00:00:00,3,200,"bono 15"
4258,2011-01-17 00:00:00,3,340,"bono 30"
4258,2011-03-14 00:00:00,3,51.189998626708984,"bono 30"
4258,2011-03-18 00:00:00,9,34.20000076293945,"cuadrar"
4258,2011-10-25 00:00:00,3,340,"BONO 30"
4258,2011-10-25 00:00:00,9,10.6899995803833,"regularizacion"
4258,2012-04-13 00:00:00,3,338.6000061035156,"bono 30"
4300,2010-11-25 00:00:00,9,235,"cuadrar a cero"
4306,2011-02-24 00:00:00,5,500,"A CUENTA"
4306,2011-03-17 00:00:00,5,1084,"a cuenta"
4306,2011-03-22 00:00:00,9,198,"cuadrar a cero"
3797,2009-10-22 00:00:00,9,1,"cuadrar a cero"
3798,2010-03-23 00:00:00,9,30,"a cero"
3809,2009-09-26 00:00:00,3,48,"a cuenta"
3811,2010-01-25 00:00:00,5,500,"a cuenta"
3811,2010-03-26 00:00:00,8,300,"a cuente"
3840,2013-06-20 00:00:00,3,200,"Bono15"
3729,2009-06-29 00:00:00,3,180,"BONO 15"
3729,2009-06-29 00:00:00,9,21,"cuadrar a cero"
3740,2009-09-27 00:00:00,3,480,"Bono 30, 2 perros"
3740,2011-03-22 00:00:00,9,320,"cuadrar a cero"
3740,2011-05-16 00:00:00,9,288,"cuadrar el bono"
3743,2009-06-17 00:00:00,8,170,"Pago hasta el 17/07/2009"
3658,2009-04-21 00:00:00,8,,"apertura cuenta cliente"
3658,2011-03-22 00:00:00,9,40,"cuadrar a cero"
3670,2012-03-30 00:00:00,3,170," a cuenta"
3670,2012-07-05 00:00:00,3,64,"a cuenta"
3690,2009-05-04 00:00:00,8,120,"Pago parte de la residencia de Hanna"
3690,2009-05-05 00:00:00,8,38,"importe restante de residencia"
864,2007-01-01 00:00:00,8,112,"A cuenta"
970,2008-07-31 00:00:00,9,8,"anulación deuda"
990,2005-05-27 00:00:00,1,36,"adelanto residencia"
991,2005-07-14 00:00:00,1,220,"RESIDENCIA Y PASEOS ADICIONALES HASTA 31/7"
4060,2010-03-31 00:00:00,8,115,"a cuenta"
4101,2014-12-22 00:00:00,3,98,"A CUENTA"
4101,2016-12-27 00:00:00,3,90,"A CUENTA"
4102,2010-04-30 00:00:00,9,45,"cuadrar a cero"
4104,2011-08-31 00:00:00,3,85," A CUENTA"
4110,2010-03-23 00:00:00,9,2,"a cero"
4110,2010-05-27 00:00:00,8,150,"A CUENTA"
3557,2008-12-29 00:00:00,3,180,"BONO15"
3560,2008-11-19 00:00:00,3,300,"Bono 30 noches"
3560,2009-10-26 00:00:00,8,180,"bono 15"
3587,2008-12-28 00:00:00,8,180,"PAGO BONO 15"
4360,2011-03-24 00:00:00,8,68,"PAGO ANTICIPADO"
4363,2011-03-16 00:00:00,8,200,"bono 15"
4370,2011-04-20 00:00:00,8,85,"A CUENTA"
4386,2011-07-22 00:00:00,8,170,"ADELANTO"
3939,2011-01-04 00:00:00,8,600,"pafado 2010"
3939,2011-04-06 00:00:00,8,600,"enero febrero y marzo"
3939,2011-05-20 00:00:00,8,600,"ABRIL, MAYO y JUNIO"
3939,2011-09-07 00:00:00,8,400,"Julio y Agosto"
4012,2010-08-23 00:00:00,5,220,"A CUENTA"
4012,2010-11-29 00:00:00,5,440,"A CUENTA"
4012,2011-02-02 00:00:00,5,440,"enero y frebrero"
4012,2011-04-11 00:00:00,5,660,"pagado marzo, abril y mayo?"
4012,2011-06-28 00:00:00,5,440,"Junio y Julio"
4012,2011-08-08 00:00:00,5,440,"AGOSTO Y SEPTIEMBRE 2011"
2573,2011-04-15 00:00:00,9,133,"REGULARIZAR"
2573,2011-04-17 00:00:00,3,193,"liquidacion cuenta 17/04/2011"
2573,2011-06-24 00:00:00,9,184,"cuadrar"
2577,2009-04-30 00:00:00,8,100,"Adelanto residencia"
2591,2008-08-25 00:00:00,8,290,"pargo adelantado residencia del 14/08 al 01/09"
3495,2011-06-13 00:00:00,3,34,"pago pendiente 34€"
3495,2011-06-13 00:00:00,9,13.279999732971191,"a cero"
3495,2014-01-31 00:00:00,9,4," a cero"
3495,2014-07-04 00:00:00,3,42,"a cuenta"
4438,2011-07-19 00:00:00,8,68,"anticipo"
4445,2011-07-21 00:00:00,8,17,"Pago adelantado"
4455,2011-08-01 00:00:00,8,219,"A CUENTA"
4456,2011-08-01 00:00:00,3,306,"pago por adelantado"
4391,2011-06-01 00:00:00,5,240,"mes de mayo"
4391,2011-07-08 00:00:00,5,240,"Junio 2011"
4391,2011-08-04 00:00:00,5,240,"mes julio 2011"
4391,2011-09-16 00:00:00,5,240,"AGOSTO 2011"
4210,2010-08-10 00:00:00,8,34,"pago deuda"
4220,2010-08-06 00:00:00,3,51,"CUENTA CLIENTE"
4253,2010-09-16 00:00:00,8,128,"a cuenta"
4258,2010-10-05 00:00:00,8,340,"Bono 30 dias"
4464,2011-08-05 00:00:00,8,68,"A CUENTA"
4488,2012-12-26 00:00:00,8,80,"ESTANCIA 5 NOCHES"
4488,2013-12-24 00:00:00,8,126,"A CUENTA"
4498,2011-09-27 00:00:00,8,200,"Bono 15"
4502,2011-10-24 00:00:00,8,238,"a cuenta"
4502,2011-11-08 00:00:00,8,238,"dos semanas"
4502,2011-11-22 00:00:00,3,238,"a cuenta"
4504,2013-06-18 00:00:00,5,600,"A CUENTA"
3939,2011-11-14 00:00:00,8,400,"SEPT y OCT 11"
3939,2011-12-05 00:00:00,8,400,"Noviembre y Diciembre 2011"
3939,2012-03-07 00:00:00,8,400,"enero y febrero"
3939,2012-06-06 00:00:00,8,400,"Marzo y Abril"
135,2012-01-20 00:00:00,2,530,"Diciembre y Enero"
135,2012-02-10 00:00:00,8,250,"se lo lleva"
135,2012-11-22 00:00:00,8,400,"de 15 de octubre a 15 de noviembre 2012"
135,2012-12-19 00:00:00,8,400,"15/11 al 15/12"
135,2013-01-17 00:00:00,8,350,"15/12 a 15/1 mes (risco 15dias fuera)"
135,2013-02-14 00:00:00,8,425,"mes y 25 de veterinario"
3277,2012-01-31 00:00:00,9,28.729999542236328,"regularizar"
3277,2012-02-29 00:00:00,9,51," cobrado de mas"
4551,2011-12-15 00:00:00,8,300,"a cuenta"
4552,2012-05-16 00:00:00,8,4,"vuelta"
4579,2012-03-11 00:00:00,8,230,"Entrega de Reserva 9691"
4579,2015-09-10 00:00:00,9,5,"CUADRAR"
2770,2006-08-02 00:00:00,8,100,"A CUENTA"
2776,2002-07-30 00:00:00,8,18,"Saldo por error"
2780,2012-04-02 00:00:00,8,34,"A cuenta"
2780,2012-06-01 00:00:00,8,16,"Entrega de Reserva 9885"
2780,2012-06-14 00:00:00,3,80,"A CUENTA"
2780,2013-03-25 00:00:00,3,32,"adelanto"
2789,2006-08-16 00:00:00,8,70,"A CUENTA"
2361,2011-02-25 00:00:00,3,340,"bono 30"
2361,2011-02-25 00:00:00,9,13.300000190734863,"cuadra"
2361,2012-05-02 00:00:00,3,200,"bono15"
2361,2012-11-30 00:00:00,3,200,"bono 15"
3452,2011-10-29 00:00:00,8,300,"bono 30, fata 40€"
3452,2011-11-03 00:00:00,8,40,"pagado en su totalidad el bono"
3452,2012-05-02 00:00:00,8,340,"bono 30"
3452,2012-11-07 00:00:00,8,340,"bono 30"
3619,2009-08-01 00:00:00,8,240,"Pago adelantado residencia agosto"
3628,2009-03-22 00:00:00,3,180,"Bono 15"
3628,2009-06-15 00:00:00,8,180,"Bono 15"
3633,2011-03-22 00:00:00,9,15,"cuadrar a cero"
4616,2012-05-24 00:00:00,8,50," A CUENTA"
4616,2012-05-28 00:00:00,8,14," CERRAR CUENTA"
4618,2012-05-16 00:00:00,8,32," A CUENTA"
4620,2012-06-01 00:00:00,8,48,"A CUENTA"
4621,2012-06-01 00:00:00,8,48,"A CUENTA"
4623,2012-06-01 00:00:00,8,48," A CUENTA"
4012,2011-11-02 00:00:00,5,660," OCTU , NOV Y DICIEMBRE"
4012,2012-06-22 00:00:00,5,1100," ENERO, FEBRERO, MARZO , ABRIL Y MAYO"
3347,2011-11-30 00:00:00,9,44.41999816894531,"REGULARIZADO"
3347,2012-07-02 00:00:00,9,40.79999923706055,"regularizo"
3353,2008-12-26 00:00:00,3,180,"Compra bono 15"
3355,2008-03-23 00:00:00,9,3804,"a cero"
4654,2012-07-12 00:00:00,8,64,"A CUENTA"
4654,2012-07-20 00:00:00,3,48,"a cuenta"
4655,2012-07-13 00:00:00,8,68,"RESIDENCIA"
4656,2012-07-14 00:00:00,3,60,"a cuenta"
4642,2012-07-17 00:00:00,8,96,"a cuenta"
4642,2012-07-23 00:00:00,8,20,"salda"
4647,2021-12-12 00:00:00,3,550,"12/12 AL 12/1"
4647,2022-01-23 00:00:00,3,138,"Enero entero"
4647,2022-03-28 00:00:00,3,330,"a cuenta"
4665,2012-07-23 00:00:00,8,48,"a cuenta"
4669,2017-04-29 00:00:00,8,200,"anticipo"
4674,2012-07-27 00:00:00,3,446," A CUENTA"
4675,2012-08-10 00:00:00,3,48,"A CUENTA"
4687,2012-08-02 00:00:00,8,133,"a cuenta"
4119,2010-10-06 00:00:00,5,1200,"A cuenta"
4119,2011-01-28 00:00:00,8,700,"a cuenta"
4119,2011-09-13 00:00:00,8,2100,"a cuenta"
4119,2012-03-17 00:00:00,8,600," a cuenta. se las lleva"
3939,2012-07-17 00:00:00,8,400,"mayo y junio"
3939,2012-08-10 00:00:00,8,270,"fin"
3939,2012-08-10 00:00:00,9,496.6600036621094,"cuadro"
3939,2015-09-10 00:00:00,9,0.10000000149011612,"CUADRAR"
3940,2009-11-26 00:00:00,8,80,"ANTICIPO RESIDENCIA"
3946,2010-03-23 00:00:00,9,60,"hermana javier de M"
4258,2012-07-03 00:00:00,3,321.2200012207031,"bono 30 y *"
4258,2012-09-03 00:00:00,9,138.35000610351562,"LE QUEDAN QUINCE DIAS DEL B30"
4258,2013-03-13 00:00:00,3,340,"bono 30"
4258,2013-06-25 00:00:00,9,447.70001220703125,"TARJETA"
4258,2013-09-16 00:00:00,3,340,"BONO 30"
4258,2014-12-28 00:00:00,9,2,"cuadra"
4391,2011-10-14 00:00:00,5,240,"paga Septiembre"
4391,2012-01-30 00:00:00,5,240,"a cuenta"
4393,2012-09-12 00:00:00,8,96,"a cuenta"
4398,2011-05-14 00:00:00,8,34,"a cuenta"
4425,2016-08-20 00:00:00,5,240,"a cuenta"
4689,2012-08-03 00:00:00,8,48,"a cuenta"
4699,2012-08-09 00:00:00,3,96," A CUENTA"
4729,2012-10-16 00:00:00,8,200,"BONO 15"
4729,2012-11-06 00:00:00,8,200,"BONO 15"
4745,2012-11-30 00:00:00,8,102,"a cuenta"
4749,2012-12-05 00:00:00,3,80," A CUENTA"
4767,2013-01-02 00:00:00,3,32,"A CUENTA"
4768,2013-03-21 00:00:00,8,,"COLLARES ANTIFUGAS"
4768,2014-06-19 00:00:00,8,56,"a cuenta"
4775,2013-02-08 00:00:00,8,300," DEL 8/2/2012 DEL 8/3/2012"
4775,2013-05-31 00:00:00,3,339,"BONO 30"
4776,2013-02-11 00:00:00,8,36,"a cuenta"
4782,2013-02-23 00:00:00,8,50," A CUENTA"
4784,2013-02-26 00:00:00,8,48,"A CUENTA"
4785,2013-02-26 00:00:00,3,128,"A CUENTA RESERVAS"
4116,2013-04-16 00:00:00,3,200,"bono15"
4116,2013-06-04 00:00:00,8,200,"bono15"
4116,2014-02-20 00:00:00,8,195,"bono 15"
4116,2014-02-20 00:00:00,9,135.19000244140625,"regularizo"
4116,2014-03-21 00:00:00,8,195,"bono 15"
4116,2014-04-23 00:00:00,9,9.300000190734863,"ajuste"
4810,2013-04-17 00:00:00,3,100,"Entrega de Reserva 10560"
4812,2017-01-25 00:00:00,8,195,"bono 15"
4812,2017-04-10 00:00:00,9,2.0999999046325684,"CUADRAR"
4812,2017-05-02 00:00:00,8,340,"bono 30"
4837,2013-06-24 00:00:00,2,5,"cupon 5 dias"
4839,2013-06-25 00:00:00,2,80,"GROUPON"
4840,2013-06-25 00:00:00,2,80,"GROUPON"
4841,2013-06-25 00:00:00,2,5,"cupon 5dias"
4845,2013-07-01 00:00:00,2,1,"cupon"
4847,2013-07-01 00:00:00,8,13.100000381469727,"cupon y baño"
4849,2013-07-01 00:00:00,2,0.10000000149011612,"cupon"
4853,2013-07-01 00:00:00,2,0.10000000149011612,"CUPON"
4855,2013-07-01 00:00:00,2,16.100000381469727,"cupon + 1 noche"
4865,2013-07-01 00:00:00,3,112,"a cuenta"
4870,2015-09-07 00:00:00,9,128,"cuadrar cuenta"
4527,2013-07-02 00:00:00,3,32,"ANTICIPO"
4540,2011-11-24 00:00:00,8,68,"A CUENTA"
4547,2011-12-05 00:00:00,8,400,"a cuenta adiestra"
4547,2012-01-20 00:00:00,8,750," A dan por trabajo"
4176,2013-01-08 00:00:00,3,240,"mes de diciembre"
4176,2015-09-07 00:00:00,9,1518,"perdidas"
4177,2013-07-12 00:00:00,8,36,"a cuenta"
4201,2010-07-29 00:00:00,3,102,"A CUENTA"
4203,2011-03-22 00:00:00,9,75,"cuadrar a cero"
4872,2013-07-05 00:00:00,2,1.100000023841858,"cupon groupon"
4884,2013-07-22 00:00:00,8,26,"a cuenta"
4903,2014-11-28 00:00:00,3,60,"a cuenta"
4922,2013-08-09 00:00:00,8,160,"A CUENTA"
3616,2013-07-15 00:00:00,3,200,"BONO 15"
3616,2013-08-19 00:00:00,3,113,"DEJA 200 PARA BONO 13 AJUSTE DE CAJA LOS 113"
498,2013-08-21 00:00:00,8,80," a cuneta"
498,2015-10-23 00:00:00,8,66," A CUENTA"
528,2010-06-02 00:00:00,3,75,"ANTICIPO"
537,2005-09-15 00:00:00,2,1,"YA TE DIGO"
627,2005-05-20 00:00:00,1,318,"entraga a cuenta"
4775,2013-10-20 00:00:00,3,247.60000610351562,"cuadre de bono"
4775,2013-11-23 00:00:00,3,340,"BONO 30"
4775,2014-07-06 00:00:00,3,242.60000610351562,"bono 30 y 6 dias"
135,2013-11-14 00:00:00,8,325,"Octubre 2012"
135,2013-12-01 00:00:00,8,300,"Noviembre pagado"
135,2014-11-12 00:00:00,9,1158.56005859375,"cuadra"
135,2014-12-23 00:00:00,8,300,"A CUENTA"
135,2015-01-27 00:00:00,8,320,"a cuenta"
135,2015-02-17 00:00:00,8,300,"a cuenta"
4994,2013-11-20 00:00:00,8,125,"a cuenta"
4999,2013-12-21 00:00:00,8,240,"DEL 21/12 AL 1/1"
4999,2014-01-26 00:00:00,8,240,"2ª mes"
4999,2014-02-28 00:00:00,8,72,"liquida"
4502,2011-09-22 00:00:00,8,68,"adelanto"
4502,2011-09-26 00:00:00,8,119,"a cuenta"
4502,2011-10-03 00:00:00,8,119,"a cuenta"
4502,2011-10-10 00:00:00,8,238,"a cuenta"
4353,2011-03-05 00:00:00,8,51,"A CUENTA"
4353,2011-03-09 00:00:00,8,17,"residencia"
4355,2012-06-01 00:00:00,3,48,"A CUENTA"
4358,2011-03-24 00:00:00,3,187,"PAGO ANTICIPADO"
4729,2013-09-24 00:00:00,3,195,"bono 15"
4729,2014-01-31 00:00:00,3,153.47999572753906,"bono 30"
4729,2014-03-02 00:00:00,9,16,"cuadrar"
4729,2014-05-28 00:00:00,3,194.39999389648438,"B 15 DIAS"
4785,2013-12-12 00:00:00,8,24,"pagada residencia 12 al16/12"
4785,2014-01-31 00:00:00,3,70," a cuenta"
4785,2015-09-10 00:00:00,3,56,"a cuenta"
4793,2013-03-21 00:00:00,8,100,"Entrega de Reserva 10502"
4795,2017-10-15 00:00:00,3,195,"bono 15"
5016,2014-02-11 00:00:00,8,240,"febrero"
5016,2014-03-12 00:00:00,8,150,"parte mes marzo"
5016,2014-04-14 00:00:00,8,150," A CUENTA"
5016,2014-04-20 00:00:00,8,100,"a cuenta"
5016,2014-05-11 00:00:00,8,320," a cuenta en paz mes mayo"
5016,2014-06-13 00:00:00,8,250,"saldado junio 14"
4999,2014-03-11 00:00:00,8,240,"de 11/3 al 11/4"
4999,2014-04-06 00:00:00,9,20,"cuadrar"
5002,2014-06-27 00:00:00,8,50,"a cuenta"
5002,2014-07-31 00:00:00,8,100," a cuenta"
4827,2014-03-31 00:00:00,8,179.39999389648438,"BONO 15"
4834,2013-06-18 00:00:00,2,,"GROUPON"
4835,2013-06-24 00:00:00,2,144,"CUPON"
4836,2013-06-24 00:00:00,2,128,"CUPON"
5033,2014-03-24 00:00:00,8,240,"del 24/3 al 24/4 2014"
5037,2014-04-30 00:00:00,5,350," A CUENTA"
5037,2014-05-24 00:00:00,8,290,"A CUENTA"
5039,2014-04-10 00:00:00,3,96,"a cuenta"
5027,2014-02-19 00:00:00,8,400,"a cuenta"
5027,2014-03-03 00:00:00,5,160,"cuatro dias mas"
5027,2014-03-10 00:00:00,5,200,"a cuenta"
5028,2014-02-25 00:00:00,8,56," a cuenta"
5066,2014-05-21 00:00:00,5,140,"parte de adiestramiento"
5074,2015-03-30 00:00:00,3,195,"A CUENTA"
5074,2015-12-28 00:00:00,3,340,"BONO 30"
5074,2016-03-09 00:00:00,3,340,"BONO 30"
5074,2017-05-08 00:00:00,8,195,"bono 15"
2361,2013-04-26 00:00:00,8,133," cuenta"
2361,2014-03-12 00:00:00,3,161.5800018310547,"bono 15"
2361,2014-07-05 00:00:00,3,224," A CUENTA"
2361,2014-09-20 00:00:00,3,195,"BONO 15"
2376,2007-07-20 00:00:00,8,,"Apertura cuenta cliente"
4656,2012-07-23 00:00:00,3,84,"salda"
4656,2014-07-01 00:00:00,3,63," a cuenta"
4656,2014-08-08 00:00:00,3,84,"A CUENTA"
4662,2012-07-20 00:00:00,3,48," A CUENTA"
5130,2014-08-09 00:00:00,8,84,"A CUENTA"
5136,2014-08-12 00:00:00,8,14,"A CUENTA"
5139,2014-08-13 00:00:00,3,70,"A CUENTA"
5141,2014-08-14 00:00:00,8,112,"A CUENTA"
5144,2014-08-14 00:00:00,8,154,"A CUENTA"
5149,2014-08-18 00:00:00,8,98," A CUENTA"
5156,2014-08-23 00:00:00,8,28,"A CUENTA"
5158,2014-08-26 00:00:00,8,126," A CUENTA"
5159,2014-08-31 00:00:00,8,130,"A CUENTA. MES DE SEPTIEMBRE PAGADO"
5159,2014-10-02 00:00:00,8,150," a cuenta mes octubre (faltan 10 )"
5016,2014-07-12 00:00:00,8,240,"julio"
5016,2014-09-13 00:00:00,8,350,"a cuenta faltan 130 € para septiembre"
5016,2014-10-11 00:00:00,8,300,"pagado Octubre faltan 70 €"
5016,2014-11-20 00:00:00,8,310,"pagado nbiviembre"
5016,2014-12-10 00:00:00,8,150,"parte diciembre"
5016,2015-01-24 00:00:00,8,150,"a cuenta"
5187,2014-10-05 00:00:00,8,200," A CUENTA"
5187,2014-12-09 00:00:00,8,120,"Mes de noviembre Iker"
5187,2015-01-06 00:00:00,8,120,"Diciembre"
5187,2015-02-07 00:00:00,8,135,"A CUENTA MES ENERO"
5187,2015-03-05 00:00:00,8,135," a cuenta"
5187,2015-04-06 00:00:00,8,140,"mes"
5088,2014-10-18 00:00:00,3,230," CUENTA"
5088,2014-12-13 00:00:00,3,240,"mes"
5088,2015-01-25 00:00:00,3,335,"cierre"
5096,2015-02-02 00:00:00,8,600," a cuenta Faltan 60"
4729,2014-07-07 00:00:00,3,340,"bono 30"
4729,2014-10-27 00:00:00,3,340,"bono 30"
4729,2014-10-27 00:00:00,9,150.39999389648438,"ajuste"
4729,2016-02-26 00:00:00,3,340,"bono 30"
5002,2014-10-29 00:00:00,3,195,"BONO 15"
5002,2014-12-24 00:00:00,8,28," a cuenta"
5002,2015-07-31 00:00:00,8,100,"FALTA PARTE POR ABONAR DE LA ESTANCIA"
5002,2016-07-30 00:00:00,8,240,"A CUENTA"
5008,2013-12-29 00:00:00,8,28,"A CUENTA"
5010,2013-12-30 00:00:00,8,42," a cuenta"
5016,2014-01-09 00:00:00,8,200,"ADELANTO ENERO"
5159,2014-11-06 00:00:00,8,140,"130 mes y 10 deuda"
5159,2015-01-15 00:00:00,8,130,"a cuenta"
5159,2015-02-12 00:00:00,8,130,"A CUENTA"
5159,2015-03-12 00:00:00,8,130,"a cuenta"
4924,2014-08-14 00:00:00,3,225,"A CUENTA"
4924,2015-03-28 00:00:00,8,131.94000244140625,"a cuenta"
4928,2013-09-09 00:00:00,9,,"debe 100 € del verano 2013"
4928,2015-09-10 00:00:00,9,100,"CUADRAR"
4946,2013-08-23 00:00:00,8,48," A CUENTA"
4957,2013-09-16 00:00:00,8,42," CUENTA"
4458,2014-12-02 00:00:00,5,480,"diciembre y enero CAO"
4458,2015-02-05 00:00:00,5,352,"A CUENTA"
4458,2015-03-16 00:00:00,5,800,"FACTURA RONI (320) Y CAO"
4458,2016-02-23 00:00:00,5,1440,"PAGADO HASTA FEBRERO 2016"
5188,2014-10-08 00:00:00,3,42," A CUENTA"
5191,2015-07-24 00:00:00,3,400,"A CUENTA ADIESTRAMIENTO"
5194,2014-10-17 00:00:00,8,42,"A CUENTA"
5204,2015-05-31 00:00:00,8,112,"a cuenta"
5221,2014-12-23 00:00:00,8,90," A CUENTA"
5222,2014-12-23 00:00:00,8,240,"A CURENTA"
5231,2015-09-08 00:00:00,9,70,"cuadrar"
3495,2015-02-20 00:00:00,3,238,"paga estancia anterior y esta"
3495,2015-06-06 00:00:00,3,42," a cuenta"
3495,2015-12-29 00:00:00,3,340,"bono 30"
3495,2016-03-18 00:00:00,3,340,"A CUENTA"
4258,2015-01-07 00:00:00,3,340,"bono 30"
4258,2015-03-13 00:00:00,9,19,"CUADRA"
4258,2015-03-24 00:00:00,3,340,"BONO 30"
4258,2015-05-13 00:00:00,3,340,"BONO 30"
4258,2015-07-22 00:00:00,3,340,"bono 30"
4258,2015-08-17 00:00:00,9,99.4000015258789,"cuadrar"
5016,2015-02-13 00:00:00,8,150,"A CUENTA"
5016,2015-03-14 00:00:00,8,150," a cuenta"
5016,2015-04-29 00:00:00,8,150,"A CUENTA"
5249,2015-02-20 00:00:00,8,42,"A cuenta"
5255,2015-04-30 00:00:00,5,650,"A CUENTA"
5259,2015-03-29 00:00:00,8,360,"A CUENTA"
5259,2015-09-16 00:00:00,8,240,"a cuenta"
5159,2015-04-13 00:00:00,8,130,"a cuenta"
5159,2015-05-20 00:00:00,8,130,"a cuenta"
5159,2015-09-14 00:00:00,8,130,"a cuenta"
5159,2015-10-13 00:00:00,8,130,"A CUENTA"
5159,2015-11-05 00:00:00,8,130,"A CUENTA"
5159,2015-12-14 00:00:00,8,130,"DICIEMBRE"
5187,2015-05-05 00:00:00,8,135,"a cuenta"
5187,2015-06-06 00:00:00,8,135,"a cuenta"
5187,2015-07-06 00:00:00,8,140,"A CUENTA"
5187,2015-08-05 00:00:00,8,130,"POR MES"
5187,2015-09-07 00:00:00,8,135,"a cuenta"
5187,2015-10-19 00:00:00,8,270,"dos meses"
5316,2015-06-19 00:00:00,8,42," A CUENTA"
5318,2015-06-22 00:00:00,8,50,"a cuenta"
5321,2015-08-02 00:00:00,8,150,"julio liquidado"
5321,2015-08-30 00:00:00,8,210,"a cuenta"
5321,2015-10-04 00:00:00,8,240,"a cuenta"
5321,2015-11-01 00:00:00,8,210,"cuenta mes"
5343,2015-07-16 00:00:00,3,240,"mes hasta 16 de agosto"
5343,2015-08-14 00:00:00,3,240,"Agosto"
5343,2015-09-15 00:00:00,3,200,"mensualidad"
5343,2015-10-15 00:00:00,3,200,"a cuenta"
5342,2015-07-21 00:00:00,8,70,"A CUENTA"
5342,2015-07-28 00:00:00,3,98,"A CUENTA"
4803,2015-06-13 00:00:00,3,112,"A CUENTA"
4803,2015-07-31 00:00:00,3,152,"DOS ESTANCIAS EN AGOSTO"
5041,2014-04-11 00:00:00,8,100,"A CUENTA"
5041,2014-04-22 00:00:00,3,54,"a cuenta"
5043,2015-08-27 00:00:00,3,210,"a cuenta"
5053,2014-09-25 00:00:00,3,56," a cuenta"
5322,2015-07-02 00:00:00,8,12,"Entrega de Reserva 12437"
5333,2015-07-11 00:00:00,8,14,"cuadrar"
5333,2015-07-11 00:00:00,9,,"a cuenta"
5333,2015-09-08 00:00:00,9,14,"cuadrar"
5340,2015-07-15 00:00:00,8,250," A CUENTA"
5341,2016-05-28 00:00:00,8,14,"a cuenta"
4594,2012-04-04 00:00:00,8,51," a cuenta"
4612,2015-06-18 00:00:00,8,28," A CUENTA"
4613,2012-05-17 00:00:00,8,50,"a cuenta"
4614,2012-05-23 00:00:00,8,150," A CUENTA"
5365,2015-09-08 00:00:00,9,112,"cuadrar"
5367,2015-09-06 00:00:00,3,56,"RESIDENCIA A CUENTA"
5374,2016-08-05 00:00:00,3,45,"A CUENTA"
5381,2016-06-28 00:00:00,9,5,"debe 5 euroa"
5392,2019-08-15 00:00:00,8,288,"A CUIENTA"
5396,2015-08-24 00:00:00,8,200,"A CUENTA"
5402,2015-08-31 00:00:00,3,105,"A CUENTA"
4258,2015-09-09 00:00:00,9,0.009999999776482582,"cuadrar"
4258,2015-10-02 00:00:00,3,340,"bono 30"
4258,2016-04-14 00:00:00,3,340,"a cuenta"
4258,2016-04-14 00:00:00,9,21.600000381469727,"a cuenta"
4258,2016-07-09 00:00:00,3,340,"BONO 30"
4258,2016-09-28 00:00:00,3,340,"bono 30"
5259,2015-10-09 00:00:00,8,270,"RESIDENCIA CACHORROS TECKEL, SNAUZER Y LABRADOR"
5259,2015-10-26 00:00:00,8,150,"a cuenta"
5259,2015-12-12 00:00:00,8,330,"a cuenta"
5259,2016-02-11 00:00:00,8,690,"a cuenta"
5162,2014-09-03 00:00:00,3,56," A CUENTA"
5175,2014-09-22 00:00:00,3,140," a cuenta"
5175,2014-10-25 00:00:00,8,300,"a cuenta"
5184,2015-09-11 00:00:00,3,154,"A CUENTA"
5410,2015-09-22 00:00:00,5,240,"a cuenta"
5410,2015-10-22 00:00:00,5,250,"a cuenta"
5410,2015-11-03 00:00:00,5,300,"a cuenta"
5410,2015-12-28 00:00:00,8,350,"a cuenta"
5410,2016-01-19 00:00:00,5,350,"a cuenta"
5410,2016-03-28 00:00:00,8,1950,"a cuenta"
135,2015-03-18 00:00:00,8,300,"a cuenta"
135,2015-11-17 00:00:00,8,0.03999999910593033,"a cuenta"
135,2015-12-15 00:00:00,8,300,"mes de17/11 al 17/12"
135,2016-01-19 00:00:00,8,300,"a cuenta"
135,2016-02-22 00:00:00,8,300,"A CUENTA"
135,2016-11-07 00:00:00,8,300.1600036621094,"a cuenta"
5321,2015-11-29 00:00:00,8,210,"mes"
5321,2015-12-27 00:00:00,8,234," A CUENRA"
5321,2016-01-03 00:00:00,8,266,"A CUENTA"
5321,2016-08-28 00:00:00,8,80,"A CUENTA"
5321,2016-09-30 00:00:00,8,240," CUENTA MES SEPTEIMBRE"
5321,2016-11-04 00:00:00,8,240,"MES OCTUBRE"
5419,2015-10-06 00:00:00,3,240,"Entrega de Reserva 12798"
5419,2015-11-13 00:00:00,8,95,"a cuenta"
5427,2015-10-13 00:00:00,8,240,"MES"
5427,2015-11-20 00:00:00,8,240,"mes"
5187,2015-12-07 00:00:00,8,135,"a cuenta"
5187,2016-01-04 00:00:00,8,135,"A CUENTA"
5187,2016-02-05 00:00:00,8,135,"a cuenta"
5187,2016-04-05 00:00:00,8,135,"a cuent"
5187,2016-05-04 00:00:00,8,135,"a cuenta"
5187,2016-06-06 00:00:00,8,135,"a cuenta"
5343,2015-11-12 00:00:00,3,200,"a cuenta"
5343,2015-12-19 00:00:00,3,200,"mes"
5343,2016-01-09 00:00:00,3,200,"A CUENTA"
5343,2016-02-17 00:00:00,3,200,"a cuenta"
5159,2016-01-15 00:00:00,8,130,"A cuenta"
5159,2016-02-15 00:00:00,8,130,"A CUENTA"
5159,2016-03-15 00:00:00,8,100,"faltan 30"
5159,2016-04-14 00:00:00,8,130,"a cuenta"
3452,2015-06-07 00:00:00,3,238.39999389648438,"bo9no 30"
3452,2015-10-20 00:00:00,3,340,"bono 30"
3452,2016-03-24 00:00:00,3,340,"BONO 30"
3452,2016-06-22 00:00:00,3,340,"bono 30"
5489,2016-03-23 00:00:00,8,56,"a cuenta"
5506,2016-04-27 00:00:00,8,224,"residencia"
5508,2016-04-16 00:00:00,8,28,"a cuenta"
5509,2016-04-20 00:00:00,8,42,"a cuenta"
5524,2016-09-22 00:00:00,3,90,"a cuenta"
5264,2015-03-23 00:00:00,8,435,"a cuenta"
5266,2015-03-26 00:00:00,3,154," A CUENTA"
5266,2019-12-21 00:00:00,3,48,"A CUENTA"
5288,2015-04-25 00:00:00,3,44,"A CUENTA"
5293,2016-04-04 00:00:00,3,28," a cuneta"
5293,2019-04-12 00:00:00,3,360,"BONO 30"
5293,2020-01-14 00:00:00,3,360,"bono 30"
5343,2016-03-30 00:00:00,3,200,"a cuenta"
5343,2016-04-28 00:00:00,3,200,"A CUENTA"
5343,2016-05-29 00:00:00,3,200,"a cuenta"
5343,2016-06-27 00:00:00,3,200,"a cuenta"
5343,2016-07-27 00:00:00,3,200,"a cuenta"
5343,2016-08-28 00:00:00,3,200,"A CUENTA"
5346,2015-07-19 00:00:00,8,42,"a cuenta"
5259,2016-04-27 00:00:00,8,300,"a cuenta"
5259,2016-04-29 00:00:00,8,90,"LUZ"
5259,2016-05-23 00:00:00,8,200,"a cuenta"
5259,2016-05-30 00:00:00,8,100,"a cuenta"
5259,2016-06-22 00:00:00,8,185,"a cuenta"
5259,2016-11-26 00:00:00,8,390,"A CUENTA"
5259,2016-02-16 00:00:00,8,445,"a cuenta"
5259,2016-02-27 00:00:00,8,245,"a cuenta"
5259,2016-03-21 00:00:00,8,350,"a cuenta"
5259,2016-03-30 00:00:00,8,180,"a cuenta"
5259,2016-04-07 00:00:00,8,100,"a cuenta"
5536,2016-07-04 00:00:00,3,210,"a cuenta"
5550,2016-07-19 00:00:00,3,240,"a cuenta"
5555,2016-07-15 00:00:00,8,220,"a cuenta"
5559,2016-07-19 00:00:00,8,44,"A CUENTA"
4729,2016-02-26 00:00:00,9,82.30000305175781,"cuadre"
4729,2016-07-30 00:00:00,8,340,"bono 30"
4729,2016-10-15 00:00:00,3,340,"bono 30"
4729,2016-10-15 00:00:00,9,24.899999618530273,"cuadrar"
5187,2016-07-05 00:00:00,8,135,"a cuenta"
5187,2016-08-04 00:00:00,8,135,"A CUENTA"
5187,2016-10-12 00:00:00,8,135,"a cuenta"
5187,2016-11-08 00:00:00,8,135,"a cuenta"
5187,2016-12-06 00:00:00,8,135,"a cuenta"
5187,2017-01-04 00:00:00,8,135,"a cuenta"
5588,2016-07-31 00:00:00,8,30,"A CUENTA"
5618,2016-08-26 00:00:00,8,101,"a cuenta"
5633,2016-08-25 00:00:00,3,128,"A CUENTA"
5635,2016-09-07 00:00:00,3,180,"a cuenta"
3495,2016-10-22 00:00:00,9,5.400000095367432,"cuadrar"
3495,2017-03-06 00:00:00,3,340,"bono 30"
3495,2017-06-19 00:00:00,9,16.899999618530273,"cuadrar"
3495,2017-10-27 00:00:00,8,340,"bopo 30"
5427,2016-11-06 00:00:00,8,235.6999969482422,"a cuenta mes"
5427,2016-12-07 00:00:00,8,240,"A CUENTA PAGADO DICIEMBRE"
5427,2017-01-13 00:00:00,8,250,"mes y baño"
5427,2017-02-21 00:00:00,8,250,"mes y baño"
5683,2016-11-08 00:00:00,8,240,"mensualidad"
5683,2016-12-10 00:00:00,8,240,"mes"
5683,2017-01-05 00:00:00,8,250,"mensualidad"
5683,2017-01-05 00:00:00,9,2020,"cuadrar"
4258,2016-09-28 00:00:00,9,42.79999923706055,"cuadrar"
4258,2016-12-20 00:00:00,9,13.800000190734863,"cuadrar"
4258,2016-12-26 00:00:00,3,340,"A CUENTA"
4258,2016-12-26 00:00:00,9,45.20000076293945,"CUADRAR"
4258,2017-03-18 00:00:00,3,340,"BONO 30"
4258,2017-05-11 00:00:00,9,24.8799991607666,"cuadrar"
5321,2016-12-04 00:00:00,8,240,"A CUENTA"
5321,2016-12-31 00:00:00,8,240,"MENSUALIDAD"
5321,2017-02-05 00:00:00,8,240,"a cuenta"
5321,2017-03-04 00:00:00,8,240,"a cuenta"
5321,2017-04-01 00:00:00,8,240,"mes "
5321,2017-05-01 00:00:00,8,240,"a cuenta"
5635,2016-11-03 00:00:00,8,100,"a cuenta"
5635,2016-11-10 00:00:00,8,500,"a cuenta"
5643,2017-02-21 00:00:00,3,195,"Bono 15"
5673,2017-12-24 00:00:00,9,,"a cuenta"
5679,2017-01-26 00:00:00,8,45,"SESION 1"
5679,2017-02-01 00:00:00,8,45,"SESION 2"
5679,2017-02-08 00:00:00,3,45,"SESION 3"
5679,2017-02-15 00:00:00,8,45,"Sesion 4"
5679,2017-02-22 00:00:00,8,45,"SESION 5"
5679,2017-03-01 00:00:00,8,45,"Sesion 6"
5187,2017-02-06 00:00:00,8,135,"a cuenta"
5187,2017-03-04 00:00:00,8,135,"Mes"
5187,2017-04-04 00:00:00,8,135,"a cuenta"
5187,2017-05-05 00:00:00,8,240,"MES"
5187,2017-06-06 00:00:00,8,135,"a cuenta"
5187,2017-07-05 00:00:00,8,135,"a cuenta"
5187,2017-08-07 00:00:00,8,135,"a cuenta"
5679,2017-03-07 00:00:00,8,45,"SESION 7"
5679,2017-03-08 00:00:00,8,45,"sesion 8"
5682,2016-12-29 00:00:00,8,150,"mes de Enero"
5682,2017-01-30 00:00:00,8,150,"A CUENTA"
5682,2017-03-01 00:00:00,8,150,"MES"
5682,2017-03-31 00:00:00,8,150,"a cuenta"
4458,2016-11-18 00:00:00,5,900,"a cuenta"
4458,2017-03-12 00:00:00,5,900,"a cuenta"
4461,2011-08-04 00:00:00,8,68,"A CUENTA"
4462,2011-08-05 00:00:00,8,100,"A CUENTA"
5740,2017-01-05 00:00:00,8,15,"a cuenta"
5746,2017-02-13 00:00:00,8,100,"a cuenta"
5746,2017-08-31 00:00:00,8,100,"a cuenta"
5749,2017-05-16 00:00:00,8,60,"a cuenta"
5749,2017-07-21 00:00:00,3,45,"A CUENTA"
5749,2018-04-29 00:00:00,8,90,"A CUENTA"
5683,2017-03-15 00:00:00,8,650,"pagado marzo y castracion"
5683,2017-03-21 00:00:00,9,45,"Sesion 1 no pagada"
5683,2017-03-28 00:00:00,9,45,"2 sesion adiestramiento"
5683,2017-04-28 00:00:00,9,90,"SESION 3 Y 4"
5427,2017-03-05 00:00:00,8,240,"a cuenta"
5427,2017-04-07 00:00:00,8,240,"mes"
5427,2017-05-06 00:00:00,8,200," mes"
5427,2017-06-03 00:00:00,8,200,"mensualidad"
5683,2017-05-04 00:00:00,8,730,"liuidacion. Veterinario, pienso, Raposo erc"
5698,2017-03-27 00:00:00,3,45,"a cuenta"
5704,2016-12-17 00:00:00,8,150,"MENSUALIDAD"
5704,2017-01-14 00:00:00,8,300,"a cuenta de freedown y orion"
5704,2019-10-19 00:00:00,8,300,"septiembre"
5730,2021-05-31 00:00:00,8,34,"a cuenta"
5735,2017-07-07 00:00:00,3,45,"A CUENTA"
5074,2017-05-08 00:00:00,9,12.600000381469727,"cuadrar"
5074,2019-01-27 00:00:00,3,360,"bono 30"
5074,2019-10-13 00:00:00,3,200,"a cuenta"
5074,2019-10-13 00:00:00,8,193,"a cuenta"
5682,2017-04-27 00:00:00,8,150,"Mayo"
5682,2017-05-30 00:00:00,8,150,"a cuenta"
5682,2017-06-29 00:00:00,8,150,"29/06/2017"
5682,2017-08-01 00:00:00,8,150,"AGOSTO"
5682,2017-09-11 00:00:00,8,150,"septiembre"
5682,2017-10-06 00:00:00,8,150,"octubre"
5321,2017-06-04 00:00:00,8,240,"mes"
5321,2017-07-02 00:00:00,8,120,"A CUENTA"
5321,2017-07-04 00:00:00,8,120,"total mes"
5321,2017-08-07 00:00:00,8,120,"a cuenta"
5321,2017-10-07 00:00:00,8,240,"a cuenta"
5321,2017-11-11 00:00:00,8,240,"a cuenta"
5812,2017-04-24 00:00:00,8,75,"a cuenta"
5812,2017-07-07 00:00:00,3,120,"SALDA CUENTA 7/7"
5812,2017-08-18 00:00:00,8,45,"a cuenta"
5812,2018-08-23 00:00:00,3,19,"A CUENTA"
4729,2017-05-24 00:00:00,3,340,"bono 30"
4729,2017-07-25 00:00:00,3,340,"A CUENTA"
4729,2017-10-21 00:00:00,3,340,"BONO 30"
4729,2018-05-13 00:00:00,3,360,"bono 30"
4258,2017-06-03 00:00:00,3,340,"BANO 30"
4258,2017-07-31 00:00:00,3,340,"BONA 30"
4258,2017-10-10 00:00:00,3,340,"BONO 30"
4258,2017-10-10 00:00:00,9,26.899999618530273,"SIN CARGO"
4812,2017-08-12 00:00:00,8,340,"BONO 30"
4812,2017-12-24 00:00:00,8,240,"BONO 30"
4816,2013-06-01 00:00:00,8,300,"MENSUALIDAD"
4824,2013-12-16 00:00:00,8,6,"DEBE 6 13/12/2013"
4827,2013-06-24 00:00:00,8,340,"bono 30"
5829,2017-08-02 00:00:00,8,700," ACUENTA DEL jACK rUSSEL"
5831,2017-05-14 00:00:00,8,75,"A CUENTA"
5860,2017-06-24 00:00:00,8,32,"A CUENTA"
5860,2017-10-06 00:00:00,8,45,"a cuenta"
3452,2016-10-27 00:00:00,3,340,"BONO 30"
3452,2017-04-11 00:00:00,3,340,"BONO 30"
3452,2017-08-29 00:00:00,8,340,"Bono 30"
3452,2018-01-09 00:00:00,3,323,"bono"
5559,2016-09-23 00:00:00,8,66,"a cuenta"
5559,2017-08-29 00:00:00,8,72,"a cuenta"
5559,2018-04-07 00:00:00,8,90,"A CUENTA"
5559,2019-08-19 00:00:00,8,110,"a cuenta"
5573,2016-07-24 00:00:00,8,45,"A CUENTA"
5574,2016-07-26 00:00:00,5,60,"A CUENTA"
5578,2019-06-25 00:00:00,8,,"a cuenta"
5427,2017-07-20 00:00:00,8,400,"JULIO Y AGOSTO"
5427,2017-09-10 00:00:00,8,190,"a cuenta"
5427,2017-09-19 00:00:00,8,10,"a cuenta"
5427,2017-10-10 00:00:00,8,200,"mensualidad"
5972,2017-09-01 00:00:00,8,72,"a cuenta"
5974,2017-12-24 00:00:00,8,150,"a cuenta"
5983,2017-09-11 00:00:00,8,100,"a cuenta"
5985,2017-10-09 00:00:00,3,340,"BONO 30"
4796,2013-03-22 00:00:00,8,48,"A CUENTA"
4802,2017-09-14 00:00:00,3,315,"a cuenta"
4802,2017-10-08 00:00:00,5,315,"a cuenta"
4802,2017-11-02 00:00:00,5,476,"A CUENTA"
4803,2014-12-31 00:00:00,3,104,"A CUENTA"
4803,2015-03-18 00:00:00,8,24,"a cuenta"
5862,2017-10-16 00:00:00,8,195,"Bono 15"
5862,2018-01-04 00:00:00,3,340,"bono 30"
5929,2017-08-25 00:00:00,8,60,"A CUENTA"
5932,2017-08-09 00:00:00,8,45,"A CUENTA"
5996,2017-10-30 00:00:00,8,45,"a cuenta"
5996,2017-11-10 00:00:00,8,45,"A CUENTA"
5999,2017-10-16 00:00:00,8,300,"a cuenta"
5999,2017-11-07 00:00:00,8,200,"A CUENTA"
6000,2018-05-11 00:00:00,3,75,"A CUENTA"
6002,2018-10-14 00:00:00,8,360,"bono 30"
6002,2019-01-26 00:00:00,9,11,"a cuenta"
6006,2017-10-27 00:00:00,3,72,"A CUENTA"
6016,2017-11-11 00:00:00,3,30,"A CUENTA"
6017,2017-11-24 00:00:00,5,100,"a cuenta"
6017,2017-12-26 00:00:00,5,360,"A CUENTA"
5682,2017-11-01 00:00:00,8,150,"mes noviembre"
5682,2017-12-05 00:00:00,8,150," diciembre"
5682,2018-01-03 00:00:00,8,150,"Enero"
5682,2018-02-02 00:00:00,8,150,"fEBRERO"
5682,2018-03-04 00:00:00,8,150,"Marzo"
5682,2018-05-04 00:00:00,8,150,"MAYO 2018"
5427,2017-11-11 00:00:00,8,200,"a cuenta"
5427,2017-12-06 00:00:00,8,200,"a cuenta"
5427,2018-01-28 00:00:00,8,200,"A CUENTA"
5427,2018-03-09 00:00:00,8,200,"A CUENTA"
135,2006-11-11 00:00:00,8,68,"a cuenta"
135,2011-01-05 00:00:00,8,450,"PAGADO ENERO COMPLETO"
135,2011-02-01 00:00:00,8,250,"a cuenta"
135,2011-11-29 00:00:00,8,265,"del 14/10 al 14/11"
6020,2017-11-19 00:00:00,8,30,"A CUENTA"
6026,2017-12-08 00:00:00,3,45,"a cuenta"
6026,2019-05-24 00:00:00,8,64,"a cuenta"
6034,2018-01-02 00:00:00,8,105,"mes de diciembre"
6034,2018-01-09 00:00:00,3,60,"a cuenta"
5985,2017-11-18 00:00:00,3,340,"bono 30"
5985,2017-12-16 00:00:00,9,83.30000305175781,"CUADRE"
5985,2017-12-24 00:00:00,3,340,"BONO 30"
5985,2018-01-26 00:00:00,3,360,"bono 30"
135,2017-01-26 00:00:00,2,300,"a cuenta"
135,2018-01-19 00:00:00,2,300,"A CUENTA"
135,2018-02-20 00:00:00,8,300,"a cuenta"
6034,2018-01-16 00:00:00,8,60,"HASTA EL 15/1"
6034,2018-01-29 00:00:00,3,120,"a cuenta"
6034,2018-02-12 00:00:00,3,120,"a cuenta"
6034,2018-03-12 00:00:00,3,120,"a cuentas"
6061,2018-01-12 00:00:00,8,95,"a cuenta"
6075,2018-03-12 00:00:00,8,500,"PAGO EL 9/2/20108"
6075,2018-04-09 00:00:00,8,480,"a cuenta"
6075,2020-06-08 00:00:00,8,400,"pagado hasta 6/6/2020"
6125,2018-04-27 00:00:00,8,90,"a cuenta"
6125,2019-07-28 00:00:00,8,48,"a cuenta"
4258,2017-12-03 00:00:00,3,340,"BONO 30"
4258,2018-02-07 00:00:00,3,360,"BONO 30"
4258,2018-03-29 00:00:00,3,360,"bono 30"
4258,2018-03-29 00:00:00,9,107,"sin cargo"
4258,2018-05-21 00:00:00,3,360,"A CUENTA"
4258,2018-11-09 00:00:00,3,347,"BONO 30"
6034,2018-03-26 00:00:00,3,120,"A CUENTA"
6034,2018-04-02 00:00:00,3,60,"a cuenta"
6034,2018-04-30 00:00:00,3,120,"a cuenta"
6034,2018-06-11 00:00:00,3,140,"a cuenta"
5985,2018-02-26 00:00:00,3,360,"A CUENTA"
5985,2018-03-26 00:00:00,3,360,"a cuenta"
5985,2018-05-04 00:00:00,3,360,"hasta el 26/5"
5996,2017-10-21 00:00:00,8,60,"A CUENTA"
5427,2018-05-02 00:00:00,8,200,"a cuenta"
5427,2018-06-08 00:00:00,8,200,"JUNIO"
5427,2018-07-27 00:00:00,8,400,"JULIO Y AGOSTO"
5427,2018-11-11 00:00:00,8,200,"NOVIEMBRE"
3495,2018-06-25 00:00:00,3,210,"BONO 15"
3498,2008-07-23 00:00:00,8,135,"Entrega a cuenta"
3508,2008-08-14 00:00:00,8,500,"1º Plazo adiestramiento Tara"
3521,2008-09-02 00:00:00,5,351,"Liquidado hasta el 1 de Septiembre"
5682,2018-06-08 00:00:00,8,150,"A CUENTA"
5682,2018-07-06 00:00:00,8,150,"MES DE JULIO"
5682,2018-08-07 00:00:00,8,150,"agosto"
5682,2018-09-11 00:00:00,8,150,"Septiembre"
5682,2018-10-02 00:00:00,8,150,"octubre"
5682,2018-10-30 00:00:00,8,150,"noviembre"
6034,2018-07-09 00:00:00,8,120,"a cuenta"
6034,2018-08-04 00:00:00,3,120,"a cuenta"
6034,2018-10-04 00:00:00,3,120,"A cuenta"
6034,2018-12-17 00:00:00,8,250,"nov y dic"
6139,2018-05-06 00:00:00,8,30,"a cuenta"
6156,2018-06-13 00:00:00,8,400,"50 % residencia"
6156,2018-09-11 00:00:00,8,500,"a cuenta"
6197,2018-07-25 00:00:00,3,80,"a cuenta"
6223,2021-11-08 00:00:00,8,144,"a cuenta"
6255,2019-07-27 00:00:00,8,234,"a cuenta"
3452,2018-05-29 00:00:00,3,360,"bono 30"
3452,2018-05-29 00:00:00,9,49.29999923706055,"cuadrar"
3452,2018-09-14 00:00:00,8,360,"BONO 30"
3452,2019-11-07 00:00:00,8,360,"BONO 30"
3452,2019-12-22 00:00:00,8,360,"bono 30"
3452,2020-12-18 00:00:00,8,225,"bono 15"
3454,2008-06-30 00:00:00,8,300,"A CUENTA ADELANTADO"
6284,2018-09-29 00:00:00,8,150,"septiembre"
6284,2018-11-04 00:00:00,8,340,"a cuenta"
6288,2018-11-12 00:00:00,3,360,"bono 30"
6288,2019-02-22 00:00:00,3,387,"bono 30"
6288,2020-11-25 00:00:00,3,390,"bono 30"
6293,2018-09-28 00:00:00,8,200,"a cuenta"
6326,2018-11-28 00:00:00,8,200,"DICIEMBRE 2018"
6326,2019-01-13 00:00:00,8,220,"mensualidad Enero 2019"
6326,2019-02-08 00:00:00,8,200,"Febrero"
6326,2019-03-08 00:00:00,8,200,"marzo"
6049,2018-10-04 00:00:00,8,300,"SEPTIEMBRE Trufa y Gordo"
6049,2018-12-31 00:00:00,8,300,"a cuenta"
5427,2018-12-09 00:00:00,8,200," CUENTA DICIEMBRE"
5427,2019-01-06 00:00:00,8,200,"Enero 2019"
5427,2019-02-01 00:00:00,8,200,"FEBRERO"
5427,2019-02-27 00:00:00,8,200,"MARZO 2019"
5682,2018-12-04 00:00:00,8,150,"a cuenta diciembre"
5682,2019-01-08 00:00:00,8,150,"Enero 2019"
5682,2019-02-06 00:00:00,8,150,"Febero 2019"
5682,2019-02-28 00:00:00,8,150,"MARZO 19"
5682,2019-03-31 00:00:00,8,150,"Abril"
5682,2019-04-29 00:00:00,8,150,"MAYO 19"
6330,2019-01-17 00:00:00,8,200,"a cuenta"
6330,2019-01-30 00:00:00,8,100,"final"
6337,2018-12-19 00:00:00,3,303,"a cuenta"
6364,2019-01-24 00:00:00,8,240,"MES"
6303,2018-12-02 00:00:00,8,200,"a cuenta"
6303,2019-01-03 00:00:00,8,600,"dic incluido"
6303,2019-02-03 00:00:00,8,400,"enero"
6303,2019-03-03 00:00:00,8,400,"FEBRERO"
4258,2018-11-09 00:00:00,9,467,"BALANCE"
4258,2019-02-08 00:00:00,8,17,"cuadrar"
4258,2019-02-18 00:00:00,3,360,"bono 30"
4258,2019-05-29 00:00:00,3,360,"bono 30"
5819,2017-12-07 00:00:00,3,144,"a cuenta"
5825,2019-02-24 00:00:00,8,100,"a cuenta"
5825,2019-03-14 00:00:00,3,100,"a cuenta"
5825,2019-03-31 00:00:00,8,100,"a cuenta"
5829,2017-07-27 00:00:00,9,,"a cuenta"
4729,2019-03-23 00:00:00,3,360,"bono 30"
4729,2019-03-23 00:00:00,9,535,"cuadrar"
4738,2012-10-11 00:00:00,3,340,"BONO 30"
4738,2012-11-23 00:00:00,3,200,"bono 15"
6364,2019-02-27 00:00:00,8,290,"FEBRERO YCOMIDA"
6364,2019-03-31 00:00:00,8,300,"Marzo y 2 sacos"
6364,2019-05-05 00:00:00,8,250,"abril"
6364,2019-07-02 00:00:00,8,250,"CON COMIDA"
6034,2019-03-04 00:00:00,3,120,"febrero"
6034,2019-04-08 00:00:00,3,120,"a cuenta"
6034,2019-05-06 00:00:00,3,120,"a cuenta"
6034,2019-06-10 00:00:00,3,120,"a cuenta  j"
6379,2019-03-16 00:00:00,8,150,"a cuenta"
6385,2019-04-10 00:00:00,3,448,"a cuenta"
6408,2019-04-17 00:00:00,8,50,"A CUENTA"
6408,2019-04-21 00:00:00,8,30,"a cuenta"
5427,2019-04-28 00:00:00,8,200,"mes Abril"
5427,2019-05-31 00:00:00,8,200,"MES MAYO"
5427,2019-06-30 00:00:00,8,200,"Juniio 19"
5427,2019-07-25 00:00:00,8,200,"AGOSTO"
6303,2019-04-01 00:00:00,8,400,"marzo"
6303,2019-05-03 00:00:00,8,200,"Abril Lulo"
6303,2019-06-09 00:00:00,8,200,"mayo Lulo"
6311,2018-10-26 00:00:00,3,56,"PAGADO OCTUBRE 2018"
6320,2020-02-27 00:00:00,3,68,"a cuenta"
6326,2019-04-15 00:00:00,8,400,"Abril y Mayo"
6326,2019-06-09 00:00:00,8,200,"JUNIO"
6326,2019-07-10 00:00:00,8,400,"JULIO Y AGOSTO"
6326,2019-09-13 00:00:00,8,50,"a cuenta"
6326,2019-09-13 00:00:00,9,34.599998474121094,"a cuenta"
6330,2018-12-12 00:00:00,8,364,"a cuenta"
6330,2018-12-18 00:00:00,8,200,"mes de diciembre"
6034,2019-07-08 00:00:00,3,120," a cuenta"
6034,2019-08-05 00:00:00,3,240,"julio y agosto"
6034,2019-11-04 00:00:00,8,120,"octubre"
6034,2019-12-03 00:00:00,3,216,"mes y estancia"
6475,2019-07-29 00:00:00,8,384,"a cuenta"
6480,2020-07-26 00:00:00,3,68,"a cuenta"
6482,2019-08-11 00:00:00,3,192,"A CUENTA"
6484,2019-07-13 00:00:00,8,144,"A CUENTA"
6531,2019-08-15 00:00:00,8,112,"A CUENTA"
6545,2019-08-28 00:00:00,3,240,"28/8 al 28/9"
6545,2019-09-26 00:00:00,8,240,"28/9  al  28/10"
6545,2019-10-26 00:00:00,3,240,"28/10 al 28/11"
6551,2019-09-21 00:00:00,8,400,"1 plazo adiestramiento"
6591,2019-11-20 00:00:00,8,240,"a cuenta 20/11 al 20/12"
5682,2019-06-02 00:00:00,8,150,"junio"
5682,2019-09-04 00:00:00,8,150,"SEPTIEMBRE 2019"
5682,2019-09-27 00:00:00,8,150,"OCTUBRE"
5682,2019-10-31 00:00:00,8,150,"nOVIEMBRE"
5682,2019-12-02 00:00:00,8,150,"diciembre"
5682,2020-02-02 00:00:00,8,160,"febrero 2020"
5933,2019-01-03 00:00:00,3,360,"BONO 30"
5933,2019-08-04 00:00:00,3,235,"A CUENTA"
5933,2019-09-21 00:00:00,5,250,"a cuenta"
5933,2019-09-23 00:00:00,8,150,"a cuenta"
5427,2019-09-25 00:00:00,8,400,"sept y oct"
5427,2019-10-31 00:00:00,8,200,"noviembre"
5427,2019-11-29 00:00:00,8,200,"diciembre"
5427,2020-01-17 00:00:00,8,200,"ENERO 20"
6364,2019-08-29 00:00:00,8,500,"agosto y septiembre"
6364,2019-10-04 00:00:00,8,200,"OCTUBRE FALTA COMIDA"
6364,2019-12-02 00:00:00,8,250,"noviembre"
6364,2019-12-31 00:00:00,8,250,"DICIEMBRE"
6592,2019-11-25 00:00:00,8,240,"25/11 25/12"
6592,2019-12-23 00:00:00,8,240,"25/12 AL 25/1"
6592,2020-01-30 00:00:00,8,120,"15/1/20"
6592,2020-02-27 00:00:00,8,120,"a cuenta"
5933,2019-12-06 00:00:00,8,200,"a cuenta"
5933,2019-12-30 00:00:00,8,100,"A CUENTA"
5933,2020-01-10 00:00:00,8,70,"a cuenta"
5933,2020-01-31 00:00:00,3,250,"a cuenta"
6591,2019-12-24 00:00:00,8,240,"20/12 AL 20/1"
6591,2020-02-04 00:00:00,8,240,"20/1 al 20/2"
6591,2020-03-10 00:00:00,8,240,"20/20al 20/3"
6591,2020-04-17 00:00:00,5,240,"A CUENTA"
6591,2020-05-30 00:00:00,8,250,"mes"
6591,2020-07-01 00:00:00,8,240,"a cuenta"
6640,2020-02-17 00:00:00,8,51,"A CUENTA"
6641,2020-02-27 00:00:00,8,350,"a cuenta"
6655,2020-03-15 00:00:00,8,150,"a cuenta medio marzo"
6655,2020-03-29 00:00:00,8,90,"MARZO ENTERO"
6624,2020-02-15 00:00:00,8,300,"DEL 16/2 AL 16/3"
6624,2020-04-18 00:00:00,5,250,"A CUENTA"
6624,2020-06-19 00:00:00,8,240,"mes"
6624,2020-07-22 00:00:00,8,250,"MES"
6624,2020-09-01 00:00:00,8,250,"mensual"
6624,2020-10-01 00:00:00,8,250,"a cuenta"
5682,2020-03-28 00:00:00,8,160,"mes ¿abril?"
5682,2020-05-01 00:00:00,8,160,"mayo"
5682,2020-05-31 00:00:00,8,160,"JUNIO"
5682,2020-06-29 00:00:00,8,160,"JULIO"
5682,2020-07-30 00:00:00,8,160,"agosto"
5682,2020-10-01 00:00:00,8,160,"octubre"
6364,2020-02-01 00:00:00,8,250,"enero"
6364,2020-03-01 00:00:00,8,250,"a cuenta"
6364,2020-04-02 00:00:00,5,250,"mes"
6364,2020-05-02 00:00:00,8,250,"mes"
5427,2020-05-31 00:00:00,8,400,"MAYO JUNIO"
5427,2020-07-02 00:00:00,8,400,"julio agosto 20"
5427,2020-07-29 00:00:00,8,200,"agosto"
5427,2020-09-02 00:00:00,8,200,"mes"
6592,2020-04-07 00:00:00,5,240,"A CUENTA"
6592,2020-06-16 00:00:00,8,240,"mes"
6592,2020-09-10 00:00:00,8,480,"a cuenta"
6592,2021-09-20 00:00:00,5,1000,"a cuenta"
6619,2020-01-02 00:00:00,3,48,"a cuenta"
6624,2020-01-16 00:00:00,3,300,"del 16/1 al 16/2"
6655,2020-05-13 00:00:00,5,200,"DARKP"
6655,2020-07-20 00:00:00,8,200,"a cuenta"
6655,2020-08-18 00:00:00,8,250,"a cuenta"
6657,2020-04-02 00:00:00,8,600,"dos meses"
6500,2019-08-15 00:00:00,3,468,"A CUENTA"
6518,2020-07-13 00:00:00,3,137,"A CUENTA"
6518,2020-10-01 00:00:00,8,68,"a cuenta"
6521,2019-08-08 00:00:00,3,128,"A CUENTA"
6528,2019-08-16 00:00:00,8,64,"A CUENTA"
5749,2019-08-01 00:00:00,3,64,"A CUENTA"
5749,2020-08-12 00:00:00,3,102,"A CUENTA"
6591,2020-08-10 00:00:00,5,240,"A CUENTA"
6591,2020-09-04 00:00:00,8,240,"mes"
6591,2020-10-08 00:00:00,8,240,"a cuenta"
6591,2020-11-23 00:00:00,8,240,"a cuenta"
6591,2020-12-21 00:00:00,8,240,"mes"
6034,2020-04-01 00:00:00,3,300,"A CUENTA"
6034,2020-09-07 00:00:00,8,250,"a cuenta"
6034,2020-11-30 00:00:00,8,190,"A CUENTA"
6034,2021-01-18 00:00:00,8,300,"dic y Enero"
6038,2017-12-22 00:00:00,8,180,"A CUENTA"
6049,2018-02-05 00:00:00,3,300,"febrero"
5074,2020-09-16 00:00:00,3,390,"bono 30"
5083,2014-06-28 00:00:00,8,48,"a cuenta"
5088,2014-08-09 00:00:00,3,230,"A CUENTA"
5088,2014-09-06 00:00:00,3,240,"a cuenta"
6364,2020-05-30 00:00:00,8,250,"a cuenta"
6364,2020-07-22 00:00:00,8,250,"mes"
6364,2020-09-30 00:00:00,8,200,"sin comida"
6364,2020-10-24 00:00:00,8,250,"cuenta"
5427,2020-10-09 00:00:00,8,200,"a cuenta"
5427,2020-11-02 00:00:00,8,200,"a cuenta"
5427,2020-12-07 00:00:00,8,300,"varano y raspa diciembre"
5427,2021-01-03 00:00:00,8,700,"Enero mas raspa"
6657,2020-06-19 00:00:00,8,500,"pagado hasta 19/8"
6657,2021-03-06 00:00:00,8,500,"a cuenta"
6657,2021-04-20 00:00:00,8,1700,"a cuenta"
6693,2020-09-11 00:00:00,8,250,"10/9 AL 10/10"
6693,2020-10-24 00:00:00,8,250,"10/10 al 10/11"
6693,2020-11-10 00:00:00,8,250,"10/11 al 10/12"
6624,2020-11-04 00:00:00,8,250,"A CUENTA"
6624,2020-11-26 00:00:00,8,210,"a cuenta"
6636,2021-09-19 00:00:00,8,225,"bono 15"
6636,2021-11-13 00:00:00,9,32,"cuadre"
5682,2020-11-09 00:00:00,8,160,"noviembre"
5682,2020-12-03 00:00:00,8,160,"DICIEMBRE 2020"
5682,2021-01-17 00:00:00,8,160,"enero"
5682,2021-03-01 00:00:00,8,160,"fEBRERO"
5682,2021-06-07 00:00:00,8,160,"mes marzo"
5682,2021-06-30 00:00:00,8,160,"mes"
6704,2020-11-05 00:00:00,3,189,"a cuenta sabado"
6706,2020-12-17 00:00:00,8,300,"a cuenra de 700"
6731,2021-03-20 00:00:00,8,500,"DEL 20/3 AL 20/4"
6731,2021-04-16 00:00:00,8,500,"20/4 al 20/5"
6693,2020-12-10 00:00:00,8,250,"10/120AL 10/1"
6693,2021-01-19 00:00:00,8,250,"10/1 AL 10/2"
6693,2021-02-10 00:00:00,8,250,"10/2 AL 10/3"
6693,2021-03-11 00:00:00,8,250,"11/3 al 10/4"
6693,2021-04-11 00:00:00,8,250,"10/4 al 10/5"
6693,2021-05-12 00:00:00,8,250,"10/5 al 10/6"
6704,2020-10-21 00:00:00,3,100,"A CUENTA"
6364,2020-11-29 00:00:00,8,250,"a cuenta"
6364,2021-01-31 00:00:00,8,250,"enero"
6364,2021-02-28 00:00:00,8,250,"Febrero"
6364,2021-03-23 00:00:00,8,250,"marzo"
5427,2021-03-07 00:00:00,8,700,"mes"
5427,2021-04-30 00:00:00,8,700,"MES"
5427,2021-07-27 00:00:00,8,400,"varano jul y agos"
5427,2021-09-03 00:00:00,8,350,"PARTE MES"
6731,2021-05-19 00:00:00,3,500,"20/5 AL 20/6"
6731,2021-06-18 00:00:00,8,500,"20/6 AL 20/7"
6731,2021-07-14 00:00:00,8,500,"20/8 al 20/9"
6731,2021-08-18 00:00:00,8,500,"mes"
6364,2021-04-30 00:00:00,8,250,"MES ABRIL"
6364,2021-05-31 00:00:00,8,250,"MAYO"
6364,2021-07-01 00:00:00,8,250,"JUNIO"
6364,2021-07-30 00:00:00,8,250,"MES"
6811,2021-07-09 00:00:00,8,350,"A CUENTA"
6842,2021-07-25 00:00:00,3,170,"A CUENTA"
6852,2021-08-16 00:00:00,8,300,"ADELANTO"
6852,2021-10-08 00:00:00,5,448,"a cuenta"
6852,2021-10-13 00:00:00,8,300,"sept"
6932,2021-09-07 00:00:00,8,221,"ADELANTO"
5933,2020-06-01 00:00:00,3,321,"a cuenta"
5933,2020-07-03 00:00:00,8,240,"A CUENTA"
5933,2021-08-09 00:00:00,3,117,"A CUENTA"
5933,2021-11-02 00:00:00,3,200,"a cuenta"
6731,2021-09-15 00:00:00,8,500,"20/9 al 20/10"
6731,2021-11-05 00:00:00,8,300," a cuenta"
6738,2021-04-20 00:00:00,8,200,"a cuenta"
6766,2021-07-01 00:00:00,3,225,"bono 15"
6766,2022-03-03 00:00:00,3,225,"bONO 15"
6768,2021-06-06 00:00:00,3,68,"a cuenta"
5682,2021-09-13 00:00:00,8,160,"SEPTIEMBRE"
5682,2021-09-28 00:00:00,8,160,"OCTUBRE"
5682,2021-11-04 00:00:00,8,160,"noviembre"
5682,2021-11-30 00:00:00,8,160,"Diciembre"
5682,2021-12-31 00:00:00,8,160,"enero"
5682,2022-01-31 00:00:00,8,160,"Febrero 2022"
5860,2018-02-18 00:00:00,8,75,"a cuenta"
5860,2018-06-09 00:00:00,3,32,"A CUENTA"
5860,2021-10-07 00:00:00,3,102,"A CUENTA"
5860,2021-10-07 00:00:00,9,361,"CUADRAR"
5427,2021-10-08 00:00:00,8,900,"PAGADO HASTA 31/12/2021"
5427,2022-01-16 00:00:00,8,800,"a cuenta"
5427,2022-07-22 00:00:00,8,900,"CUENTA"
5439,2020-02-27 00:00:00,8,85,"A CUENTA"
5465,2016-01-02 00:00:00,3,28,"A CUENTA"
5467,2016-01-21 00:00:00,8,20,"a cuenta"
6943,2021-09-19 00:00:00,8,300,"A CUENTA"
6943,2021-10-28 00:00:00,8,300,"MES"
6943,2021-11-26 00:00:00,8,300,"DICIEMBRE"
6943,2021-12-21 00:00:00,8,300,"ENERO"
6998,2021-11-05 00:00:00,3,300,"1 MES"
6998,2021-12-02 00:00:00,3,300,"MES"
6998,2022-01-09 00:00:00,3,300,"Enero 2022"
6998,2022-02-02 00:00:00,3,300,"mes"
5098,2014-07-21 00:00:00,8,150," a cuenta"
5104,2014-07-25 00:00:00,8,42,"A CUENTA"
5108,2022-01-07 00:00:00,3,424,"debe a canhotel"
5129,2014-08-08 00:00:00,3,110,"A CUENTA"
6943,2022-01-12 00:00:00,8,300,"Febrero"
6943,2022-02-08 00:00:00,8,300,"mes"
6972,2021-10-14 00:00:00,3,68,"A CUENTA"
6984,2021-10-24 00:00:00,8,100,"A CUENTA"
6986,2021-10-27 00:00:00,3,153,"a cuenta"
6998,2022-03-04 00:00:00,3,300,"MES"
7008,2022-05-08 00:00:00,3,240,"bono 15"
7016,2021-11-26 00:00:00,3,208,"A CUENTA"
7026,2021-12-09 00:00:00,3,180,"a cuenta"
7086,2022-03-02 00:00:00,3,102,"a cuenta"
7146,2022-05-13 00:00:00,3,54,"a cuenta"
5321,2021-12-08 00:00:00,8,300,"noviembre 21"
5321,2022-03-31 00:00:00,8,300,"marzo 22"
5682,2022-02-25 00:00:00,8,160,"marzo 2022"
5682,2022-05-03 00:00:00,8,160,"mayo 22"
5682,2022-06-29 00:00:00,8,160,"Julioo 22"
5682,2022-08-01 00:00:00,8,160,"agosto 22"
5682,2022-09-06 00:00:00,8,160,"mes"
6364,2021-08-31 00:00:00,8,250,"MES"
6364,2021-11-26 00:00:00,8,250,"a cuenta"
6364,2022-06-02 00:00:00,8,250,"a cuenta"
6364,2022-06-28 00:00:00,8,250,"a cuenta"
5933,2022-04-30 00:00:00,3,272,"a cuenta"
5933,2022-06-12 00:00:00,9,90,"cuadra"
5933,2022-08-11 00:00:00,8,100,"A CUENTA"
5935,2017-08-11 00:00:00,8,100,"a cuenta"
6364,2022-07-21 00:00:00,8,250,"mes"
6364,2022-09-02 00:00:00,8,250,"a cuenta"
6364,2022-09-30 00:00:00,8,250,"mes"
6365,2019-01-24 00:00:00,3,64,"A CUENTA"