"Id","LnkIdCliente","LnkIdTipAnimal","Nombre","NumTarSani","FechaNaci","Raza","Observaci","Sexo","Historico","Color"
"1","1","P","Angus","1F1C4B2A50","01/01/1993 0:00:00","Cocker","","M","S",""
"2","2","P","Aslan","1F170A4A76","01/01/1993 0:00:00","Mestizo","","M","S",""
"3","3","P","Atenea","985100010374272","01/03/2003 0:00:00","Dogo Alemán","adiestramiento en enero de 2004","","",""
"4","4","P","Astro","117964691A","01/01/1998 0:00:00","Boxer","","","",""
"5","5","P","Aarón","977200001164469","01/01/2001 0:00:00","Pastor Alemán","","","",""
"6","6","P","Athos","121465754A","01/01/1998 0:00:00","Beagle","","","",""
"7","7","P","Abdul","121227224A","","Cocker Spaniel","el 5/12 se lo llevamos y le cobramos el baño sin haberlo bañado se lo debemos","M","N",""
"8","7","P","Africa","115256240A","","Mestizo","","M","N",""
"9","8","P","Asia","2016166D47","01/01/1996 0:00:00","Springle Spaniel","","","",""
"10","9","P","Asia","000000000","01/01/1996 0:00:00","Pastor Alemán","Falta tarjeta sanitaria","","",""
"11","10","P","Athor","41002E2317","01/02/1993 0:00:00","Boxer","","","",""
"12","11","P","Tani","0000000000","01/01/1998 0:00:00","Husky","No sabemos si es husky ni la tarjeta (borroar?)","","",""
"13","12","P","Alf","1F1F2D761F","01/01/1993 0:00:00","Bretón Español","","","",""
"14","13","P","Arnold","403C037D43","01/01/1996 0:00:00","Rottweiler","","M","S",""
"16","15","P","Aldo","115555456A","01/01/1997 0:00:00","Tekel de pelo duro","","","",""
"17","15","P","Manuela","977200000576938","01/01/1999 0:00:00","Tekel pelo duro","","","",""
"18","16","P","Alf","1F28125453","01/01/1997 0:00:00","Mestizo","","","",""
"19","17","P","Anais","2228346749","01/01/1995 0:00:00","Pointer","No tenemos telefono","","",""
"20","18","P","Akira","2013131426","01/01/1994 0:00:00","Alaskan Malamute","","","",""
"21","19","P","Alper","2220295133","01/01/1994 0:00:00","Gos D´atura","","","",""
"22","20","P","Antoñito","401C5B6645","01/01/1995 0:00:00","Galgo","","","",""
"23","20","P","Chula","0000000000","01/01/1996 0:00:00","Galgo","solo hay una tarjeta y 2 perros","","",""
"24","21","P","Asso de la Boume","111713362A","01/01/1995 0:00:00","Pastor alemán","","","",""
"25","22","P","Axiak","210938M","01/01/1992 0:00:00","Husky","","","",""
"26","23","P","Atica","724098101262363","01/01/2001 0:00:00","Bull Dog inglés","","","",""
"27","23","P","Gordo","9820001100354263","01/01/1998 0:00:00","West Higland","","","",""
"28","23","P","Lucky","00000000","01/01/2003 0:00:00","West Higland","aún no tenñia tarjeta","","",""
"29","24","P","Alma","985100006329319","01/01/1997 0:00:00","Cocker","","","",""
"30","25","P","Ayla","0000000000","01/01/1992 0:00:00","caniche","No tenemos su tarjeta","M","S",""
"31","26","P","Anie","2019203E69","01/01/1994 0:00:00","Rottweiler","","","",""
"32","26","P","Blanco","1F30656963","01/01/1992 0:00:00","Rottweiler","","","",""
"33","27","P","Aly","00000000","01/01/1994 0:00:00","Presa canario","Falta tarjeta sanitaria","","",""
"34","28","P","Ana","1F1363402B","01/01/1990 0:00:00","labrador","","","",""
"35","29","P","American Airline","0977200001761122","01/03/2003 0:00:00","Lasa Apso","","","",""
"36","30","P","Ani","977200000735071","01/08/1998 0:00:00","Pit bull","","","",""
"37","31","P","Aniak","1F30525C03","01/08/1993 0:00:00","Alaskan Malamute","","","",""
"38","31","P","Nanuk","2220163423","01/09/1995 0:00:00","Alaskan Malamute","","","",""
"39","32","P","Amra","1F3509160D","01/01/1994 0:00:00","cocker","","","",""
"40","33","P","Apache","400F385026","01/01/1997 0:00:00","Mestizo","","M","N",""
"41","34","P","Argos","000000000","01/01/1991 0:00:00","Fox terrier","falta tarjeta sanitaria","","",""
"42","35","P","Aron","4079003679","01/01/1997 0:00:00","mestizo","","","",""
"43","36","P","Athos","985100009702109","01/01/2001 0:00:00","labrador","","","",""
"44","36","P","Tunga","985100008156024","01/01/2001 0:00:00","labrador","","","",""
"45","37","P","Archa","1F2B772B14","01/01/1992 0:00:00","Akita Inu","","","",""
"46","38","P","Aaron","977200001164469","01/01/2000 0:00:00","Pastor alemán","","","",""
"47","39","P","Aris","202C28325A","01/01/1994 0:00:00","Pastor alemán","","","",""
"48","40","P","Audrey","72409810036351","01/02/2003 0:00:00","Mestiza","","","",""
"49","41","P","Albert","977200001392364","01/01/1997 0:00:00","Fox terrier pelo corto","","","",""
"50","42","P","Ayla","121537312A","01/01/1997 0:00:00","mestizo","","","",""
"51","42","P","Naya","116655143A","01/01/1997 0:00:00","Pastor belga","","","",""
"52","43","P","Arlae","977200001092798","01/05/2001 0:00:00","Boxer","","","",""
"53","44","P","Alex","405A651563","01/01/1996 0:00:00","Boxer","","","",""
"54","45","P","Ato","724098101140614","","Akita Inu","","","",""
"55","46","P","Alfonso","0977200001273103","01/02/2002 0:00:00","Lasha Apsho","","","",""
"56","47","P","Austin","122722757A","01/01/1999 0:00:00","snaucer mini","","","",""
"57","48","P","Ariel","0000000","01/03/1999 0:00:00","Boxer","falta tarjeta sanitaria","","",""
"58","49","P","Astro","22551717C7D","01/01/1999 0:00:00","Cocker","","","",""
"59","50","P","Archy","977200001061065","01/07/2000 0:00:00","snaucer","","","",""
"60","50","P","Anny","985100009737350","01/01/2001 0:00:00","snaucer","","","",""
"61","51","P","Alfa","982009100409911","01/01/2000 0:00:00","Rottweiler","","M","N",""
"62","52","P","Aman","0000000","01/11/2003 0:00:00","Spinguel Spaniel","falta tarjeta sanitaria","","",""
"63","53","P","Akira","115445790A","01/01/1996 0:00:00","Akita Inu","","","",""
"65","55","P","Anni","977200001466573","03/09/2000 0:00:00","snaucer","","M","N",""
"66","56","P","Bruno","20194E5B1E","01/01/1994 0:00:00","mestizo","","M","N",""
"67","57","P","Black","985120008866989","01/01/1991 0:00:00","mastín leones","","","",""
"68","57","P","Wei","09772000001480724","01/01/2001 0:00:00","Weimarane","","","",""
"69","58","P","Bruno","121344583A","01/01/1997 0:00:00","Boxer","","","",""
"70","59","P","Bruno","0977200001547910","01/01/1995 0:00:00","Bulldog inglés","","","",""
"71","60","P","Bo","1F2C194D4F","01/01/1992 0:00:00","Pastor alemán","","","",""
"72","61","P","Blaken","0985100005911531","01/01/1998 0:00:00","Cocker","","","",""
"73","62","P","Blas","401D023272","01/01/1996 0:00:00","Braco alemán","","","",""
"74","63","P","Bruss","000000000","01/01/1997 0:00:00","Gos D´atura","Falta tarjeta sanitaria","","",""
"75","64","P","BETSY","977200005420594","06/02/2003 0:00:00","West Highland White Terrier","","M","N",""
"76","65","P","Brauni","40791E4419","01/01/1997 0:00:00","Tecker","Adiestramiento","","",""
"77","66","P","Blacky","1F111E6E44","01/01/1995 0:00:00","Samoyedo","","M","S",""
"78","67","P","Bicho","41004464962","01/01/1996 0:00:00","Boxer","","","",""
"79","68","P","Bud","724098101019083","01/01/1998 0:00:00","Labrador","","","",""
"80","69","P","Batman","097700001443149","","mestizo","","M","N",""
"81","70","P","Blaki","20131D2B05","01/01/1995 0:00:00","Pastor alemán","","","",""
"82","71","P","Borgo","9771000001214847","01/01/2000 0:00:00","Pastor alemán","","","",""
"83","72","P","Boston","117659190A","01/01/1998 0:00:00","Boxer","","","",""
"84","73","P","Bosco","403B011D11","01/01/1997 0:00:00","Husky","","","",""
"85","74","P","Black","113963646A","01/01/1989 0:00:00","Pastor Belga","","","",""
"86","75","P","Bomba","H 214771","01/01/2000 0:00:00","Boxer","","","",""
"87","76","P","Bruja","000000000","","Boxer","falta tarjeta sanitaria y telefono bueno","M","N",""
"88","77","P","Bady","111749217A","01/01/1995 0:00:00","Lasha Apsho","","M","N",""
"89","78","P","Bongo","985120008932088","01/01/2001 0:00:00","Dalmata","","","",""
"90","79","P","Bruno","000000000000","01/01/1988 0:00:00","San Bernardo","Adiestramiento a domicilio en 1997","","",""
"91","80","P","Byron","16958814144272046","01/01/1990 0:00:00","Snaucer","","","",""
"92","81","P","Broker","00000000","01/01/2003 0:00:00","Beagle","Falta tarjeta sanitaria","","",""
"93","82","P","Bisous","977200000735554","01/01/1996 0:00:00","Pekines","","","",""
"94","83","P","Bruce","977200001064437","01/01/1999 0:00:00","Mestizo","","","",""
"95","84","P","Bimba","0977200001600363","01/01/2002 0:00:00","Teckel pelo duro","","M","N",""
"96","85","P","BONO","0977200001506924","26/01/2003 0:00:00","Scottish terrier","","M","N","Negro"
"97","86","P","Bianco","412E54162B","01/01/1995 0:00:00","West Highland white terrier","","","",""
"98","87","P","Balú","0977200001575907","03/10/1998 0:00:00","Rottweiler","","M","N",""
"99","88","P","Bu","0977200001722188","01/01/2002 0:00:00","Golden Retriver","","","",""
"100","89","P","Boby","7F7D202078","01/01/1992 0:00:00","Caniche","","","",""
"101","90","P","Boby","407434514B","01/01/1998 0:00:00","Pequines","","","",""
"102","91","P","Boby","1F2A052909","01/01/1993 0:00:00","Agua Español","","","",""
"103","92","P","Boby","00000000","","","falta edad, raza y tarjeta sanitaria","","",""
"104","93","P","Boby","1F2F786E4C","01/01/1986 0:00:00","Caniche","","","",""
"105","94","P","Bola","977200000499165","01/01/1999 0:00:00","Labrador","","","",""
"106","95","P","Benji","000000","01/01/1989 0:00:00","","falta raza y tarjeta sanitaria","","",""
"107","96","P","Buli","202F1D2AGA","01/01/1995 0:00:00","Staford ","comprobar tarjeta","","",""
"108","97","P","Buddy","0977200001380763","01/01/2003 0:00:00","Labrador","","","",""
"109","98","P","Bully","328438","01/01/1999 0:00:00","Pomerania","","","",""
"110","99","P","Babas","0977200007421321","01/01/2002 0:00:00","Bulldog","","","",""
"111","100","P","Boby","121636585A","01/01/1995 0:00:00","Pastor alemán","","","",""
"112","101","P","Bertina","0977200001559368","01/01/1999 0:00:00","Caniche","","M","N",""
"113","102","P","Bohun","0977200001382115","","Boxer","","","",""
"114","103","P","Beethoven","977200001358497","01/01/2000 0:00:00","Mestizo","","","",""
"115","104","P","Balto","115863223A","01/01/1998 0:00:00","Husky","","","",""
"116","105","P","Blanca","00000000","01/01/1995 0:00:00","Chau Chau","falta tarjeta sanitaria","","",""
"117","106","P","Bo","0000000","","Mestizo","falta tarjeta sanitaria","","",""
"118","107","P","Black","115776460A","01/01/1996 0:00:00","Mestizo","","","",""
"119","108","P","Blaki","2012F6750","01/01/1987 0:00:00","Pastor catalan","","","",""
"120","109","P","Blostar","1154122834","","Alaskan malamute","","","",""
"121","110","P","Berta","1F1C3F7511","01/01/1993 0:00:00","Rottweiler","","M","N",""
"122","111","P","Birra","2029120223","01/01/1995 0:00:00","Pastor alemán","","","",""
"123","111","P","Curra","111662640A","01/01/1994 0:00:00","Boxer","","","",""
"124","111","P","Sancho","120968213A","","","","","",""
"125","112","P","Bruno","41021B2137","01/01/1996 0:00:00","Mestizo","","","",""
"126","113","P","Bruna","1F2F6E2E16","01/01/1993 0:00:00","Mestizo","","","",""
"127","114","P","Baloo","00000000","01/03/2003 0:00:00","Mestizo","adiestramiento cachorro","","",""
"128","115","P","Basha","0000000","01/01/2001 0:00:00","Golden retriver","falta tarjeta sanitaria","M","N",""
"129","116","P","Bond","000000","01/01/2001 0:00:00","snaucer gigante","falta tarjeta sanitaria","","",""
"130","117","P","Bolita","953000000213666","01/01/1998 0:00:00"," Yhorkshire Terrier","","","",""
"131","118","P","Bruma","009100801744","01/04/2002 0:00:00","Husky","","","",""
"132","119","P","Boris","977200000696165","","Beagle","Adiestramiento","","",""
"133","120","P","Balto","116731692A","01/01/1997 0:00:00","Husky","","","",""
"134","121","P","Buba","000000","01/01/1998 0:00:00","Beagle","","","",""
"135","122","P","Boro","982009100143660","01/01/1999 0:00:00","Cocker","","","",""
"136","123","P","Boi Taull","1F141F614D","01/01/1994 0:00:00","Husky Siberiano","","","",""
"137","124","P","Blau","724098101155982","01/03/2001 0:00:00","Weimaraner","","","",""
"138","125","P","Bolita","977200001060355","01/01/2000 0:00:00","Mestizo","","","",""
"139","126","P","Bat","977200000764425","01/01/1998 0:00:00","Boxer","","","",""
"140","127","P","Bruja","9851200005874009","01/01/2001 0:00:00","Dos D´atura","","","",""
"141","128","P","Birdie","2031494125","01/01/1995 0:00:00","Cocker","","M","N",""
"142","129","P","Brenda","0000","01/01/1999 0:00:00","Caniche","falta tarjeta sanitaria","","",""
"143","130","P","Ben","00000","01/02/2001 0:00:00","Pastor alemán","falta tarjeta sanitaria","","",""
"144","131","P","Boli","977200000730715","01/01/1995 0:00:00","Cocker","","","",""
"145","132","P","Blanquita","000000","01/09/2002 0:00:00","Boxer","falta tarjeta sanitaria","","",""
"146","133","P","Bamba","4101645F7A","01/01/1996 0:00:00","Pastor alemán","","","",""
"147","134","P","Bruno","195120005851951","01/01/2001 0:00:00","Cocker","","","",""
"148","135","P","BRUNO","0000","01/01/1999 0:00:00","Labrador","falta tarjeta sanitaria","M","N",""
"149","136","P","Boris","000","01/01/2001 0:00:00","Tekel","falta tarjeta sanitaria","","",""
"150","137","P","Bumbu","4101626027","01/01/1996 0:00:00","Alaskan malamute","","M","N",""
"151","138","P","Berby","941000000055558","01/03/2004 0:00:00","Labrador","","M","N",""
"152","139","P","Bolita","953000000213666","01/01/1999 0:00:00","Yorkshire","","","",""
"153","140","P","Blaky","121119534A","01/01/1998 0:00:00","snaucer","","M","N",""
"154","141","P","Biter","1F486A743B","01/01/1995 0:00:00","Cocker","","","",""
"155","142","HAM","Bolita","0000000","","conejo enano","Sacrificado el 25/11/08, estaba enfermo y anciano","M","N",""
"156","143","P","Bola","977200000499165","01/01/1999 0:00:00","Labrador","","","",""
"157","144","P","Blue","724098001161310","","","falta edad y raza","","",""
"158","145","P","Blas","977200000745611","01/01/1999 0:00:00","Mestizo","","","",""
"159","145","P","Epi","977200000741136","01/01/1999 0:00:00","Mestizo","","","",""
"160","146","P","Baba","97720000233953","01/01/1999 0:00:00","Bulldog","","","",""
"161","146","P","Mister Bone","977200001306524","01/01/1999 0:00:00","Mestizo","","","",""
"162","147","P","Bingo","977200001309251","01/01/1999 0:00:00","Mestizo","","","",""
"163","148","P","Bigui","20345D0C43","01/01/1995 0:00:00","Beagle","","M","N",""
"164","149","P","Balto","0000","01/01/2000 0:00:00","Labrador","falta tarjeta sanitaria","","",""
"165","150","P","Boris","7F7D156827","01/01/1991 0:00:00","Mestizo","","","",""
"166","151","P","Ben","0001416FD3","01/01/1999 0:00:00","Rottweiler","","","",""
"167","152","P","Berta","50137357W","01/01/1994 0:00:00","Mestizo","","","",""
"168","153","P","Bety","2013011899","","cocker","","M","N",""
"169","154","P","Box","26171558L","01/01/1997 0:00:00","Rottweiler","","","",""
"170","154","P","Jara","400F58544A","01/01/1998 0:00:00","Pastor alemán","","","",""
"171","155","P","Balvy","00000","","Mestizo","falta tarjeta sanitaria","M","N",""
"172","155","P","Daily","000","","Mestizo","falta tarjeta sanitaria","","",""
"173","156","P","Bethoven","977200001455293","01/01/2000 0:00:00","Lasha maltés","","M","N",""
"174","157","P","Bocho","7F70572441","","","falta dirección","","",""
"175","158","P","Braco","201E4A0672","01/01/1996 0:00:00","Mestizo","","","",""
"176","159","P","Boomer","0000","01/01/1998 0:00:00","caniche","falta","","",""
"177","160","P","Betoven","7F7D7A0D60","01/01/1990 0:00:00","Lasha Apso","","","",""
"178","161","P","Brix","000","01/01/1994 0:00:00","Pastor alemán","falta tarjeta sanitaria","","",""
"179","162","P","Bloss","0000","01/01/1998 0:00:00","Bobtail","falta tarjeta sanitaria","","",""
"180","163","P","Bau","000","01/01/1996 0:00:00","Cocker","falta tarjeta sanitaria","M","N",""
"181","164","P","Braco","00'0","","Braco alemán","falta tarjeta sanitaria","","",""
"182","165","P","Boby","0000","01/01/2000 0:00:00","Boxer","falta tarjeta sanitaria","","",""
"183","166","P","Boli","985120045586559","01/12/2003 0:00:00","Yorkshire","","","",""
"184","167","P","Benito","123949685A","01/01/1997 0:00:00","Gos D´atura","","M","N",""
"185","168","P","Bugy","000","01/01/1997 0:00:00","Husky","falta tarjeta sanitaria","","",""
"186","169","P","Archy","412C444301D","01/01/1996 0:00:00","Cocker","","","",""
"187","170","P","Benito","202B115153","01/01/1994 0:00:00","Mestizo de mastín","","","",""
"188","171","P","Brutus","412C21700A","01/01/1997 0:00:00","Labrador","","","",""
"189","172","P","Boris","4079644B78","01/01/1997 0:00:00","Pastor Alemán","","","",""
"190","173","P","Boboni","M379660","01/01/1987 0:00:00","Mestizo","","","",""
"191","174","P","Boro","121345686A","01/01/1997 0:00:00","Rottweiler","","","",""
"192","175","P","Boby","405E395F62","01/01/1995 0:00:00","Mestizo","","","",""
"193","176","P","Bolli","724098101219489","","POMERANIA","","M","N",""
"194","177","P","Beethoven","1F326A6D58","01/01/1991 0:00:00","Mestizo","","M","N",""
"195","178","P","Black","7F700B3A554","01/01/1991 0:00:00","Pastor alemán","","","",""
"196","179","P","Blacky","14586565A","","","","M","S",""
"197","180","P","Bart","46019511F","01/01/2000 0:00:00","Husky","","M","N",""
"198","181","P","Balu","000","01/01/1999 0:00:00","Labrador","falta tarjeta","","",""
"199","182","P","Buro","122527643A","","Pitbull","","","",""
"200","182","P","Dona","117518770A","","Pitbull","","","",""
"201","183","P","Bruno","009100014003","01/01/1999 0:00:00","Labrador","","","",""
"202","184","P","Alfred","485120007031109","01/01/2002 0:00:00","Bulldog","","M","S",""
"203","184","P","Zeta","985100010128514","01/01/2003 0:00:00","Bulldog","","M","N",""
"204","185","G","Agata","000000","01/01/2003 0:00:00","Europeo","blanco-gris","","",""
"205","186","P","Atila","412A17104B","01/01/1996 0:00:00","Dogo argentino","","","",""
"206","187","P","Bruno","07239289Q","01/01/1995 0:00:00","Baset hound","","","",""
"207","188","P","Bo","X3024582J","01/01/2001 0:00:00","Riz bearaed","","","",""
"208","189","P","Bonbo","412E366D7","01/01/1995 0:00:00","Mestizo","","","",""
"209","190","P","Bruce","118688","01/01/1997 0:00:00","Pastor alemán","Adiestramiento en 1999","","",""
"210","191","P","Baitter","112614627A","01/01/1995 0:00:00","Pointer","","","",""
"211","192","P","Balu","X03358845","01/01/1993 0:00:00","Pastor alemán","","","",""
"212","193","P","Buco","0000","01/01/1998 0:00:00","Standford terrier","falta tarjeta","","",""
"213","194","P","Bug","0977200001446875","01/01/2001 0:00:00","Pastor alemán","","","",""
"214","195","P","Bruno","410037721C","01/01/1997 0:00:00","Boxer","","","",""
"215","196","P","Bruno","000","01/01/1998 0:00:00","Labrador","adiestramiento en 1999 o 2000","M","N",""
"216","197","P","Blaky","400C026845","01/01/1996 0:00:00","Mestizo","","M","N",""
"217","198","P","Braco","1684127F7B1C2061","01/01/1991 0:00:00","caniche","","","",""
"218","199","P","Blanca","4100231A40","01/01/1998 0:00:00","Perro de aguas","","","",""
"219","200","P","Bourbon","0000000000000000000","01/01/1999 0:00:00","Pastor alemán","Obediencia en 1999","","",""
"220","201","P","Bicho","4104464962","01/01/1996 0:00:00","Boxer","","","",""
"221","202","P","Byron","977200001314060","01/01/2000 0:00:00","Beagle","","M","N",""
"222","203","P","Bruno","0000","01/01/1997 0:00:00","Sanbernardo","falta tarjeta","","",""
"223","204","P","Blass","51395832D","01/01/1996 0:00:00","Mastín","","","",""
"224","204","P","Lola","400C247122","01/01/1996 0:00:00","Cocker","","","",""
"225","205","P","Bull","977200001327611","01/01/2000 0:00:00","Pastor alemán","","","",""
"226","206","P","Bruja","41013A615E","01/01/1997 0:00:00","Cocker","","","",""
"227","207","P","Blaky","115827143A","01/01/1996 0:00:00","Snaucer","","","",""
"228","208","P","Budge","000","01/01/1998 0:00:00","Teckel","falta tarjeta","","",""
"229","209","P","Berta","000","","Boxer","falta tarjeta","","",""
"230","209","P","Tomeo","000","","Mestizo","falta tarjeta","","",""
"231","210","P","Braco","000","","Mestizo","falta tarjeta","","",""
"232","211","P","Baldua","113776580A","01/01/1995 0:00:00","Pastor alemán","","","",""
"233","212","P","Baster","985100010043286","","Labrador","","","",""
"234","213","P","Borix","0977200001485600","01/01/2003 0:00:00","Scottish terrier","","","",""
"235","214","P","Bruja","724098100455721","01/07/2003 0:00:00","Cocker negro","","","",""
"236","215","P","Bruno","00000","01/01/1992 0:00:00","Spinguel Spaniel","","","",""
"237","216","P","Brad","982009100770270","01/01/2000 0:00:00","Schnauzer gigante","","","",""
"238","217","P","Baco","00000","01/01/1998 0:00:00","Rottweiler","falta tarjeta","","",""
"239","218","P","Chispa","977200000529729","","Mestizo","","H","N",""
"240","218","P","Nena","977200000499545","","Mestizo","","M","N",""
"241","219","P","Canela","0977200004451619","01/07/2003 0:00:00","Golden retriever","","M","N",""
"242","220","P","Crim","985100010040797","","Golden retriever","","","",""
"243","221","P","Cray","097720000127922","01/01/2000 0:00:00","Labrador","","M","S",""
"244","222","P","Cuqui","116209447A","01/01/1995 0:00:00","Mestizo","Muchisimo cuidado ¡¡¡es escapista!!!!Y ADEMAS SE ESCAPA  BONO 15 AGOTADO   17/3/2010","M","N",""
"245","223","P","Cuky","1F28324D47","01/01/1989 0:00:00","Caniche toy","","","",""
"246","224","P","Christopher","97720000504873","15/11/1995 0:00:00","Cocker","","M","N",""
"247","225","P","Chelsea","9772000000587867","01/01/1999 0:00:00","Chow chow","","","",""
"248","226","P","Chipi","116539561A","01/01/1997 0:00:00","Pastor catalán","","M","N",""
"249","227","P","Cheska","7F7D161156","01/01/1990 0:00:00","Labrador","","","",""
"250","228","P","Chesti","7F7B1F2111","01/01/1991 0:00:00","Mestizo","","","",""
"251","229","P","Chiky","1F34467275","01/01/1993 0:00:00","Yorkshire","","","",""
"252","230","P","Chispa","977200000439220","01/01/1999 0:00:00","Mestizo","Adiestramiento en 2000","","",""
"253","231","P","Chacho","52814000117490","01/01/2002 0:00:00","Labrador","Adiestramiento 2004","M","N",""
"254","232","P","Chico","0000","01/01/1999 0:00:00","Schnauzer miniatura","","","",""
"255","233","P","Churra","221A3F6F09","01/01/1996 0:00:00","Rottweiler","","","",""
"256","234","P","Chuqui","116668396A","01/01/1998 0:00:00","Cocker","","","",""
"257","235","P","Cosa","724098101228725","01/01/2001 0:00:00","Mestizo","","","",""
"258","236","P","Cazorlo","7F7A15307E","01/10/1992 0:00:00","Setter inglés","","","",""
"259","237","P","Chusa","2035097131","01/01/1995 0:00:00","Boxer","","","",""
"260","238","P","China","0000","01/01/1996 0:00:00","Pastor Alemán","","","",""
"261","239","P","Chispa","9772000000439220","01/01/1999 0:00:00","Mestizo","","","",""
"262","240","P","Chansey","977200001353858","01/03/2001 0:00:00","Yorkshire terrier","","","",""
"263","241","P","Curro","122109630A","01/07/1998 0:00:00","Labrador","","","",""
"264","242","P","Carlota","0000","01/07/1996 0:00:00","Labrador","","","",""
"265","243","P","Cubi","000","01/01/1997 0:00:00","Mestizo","","","",""
"266","244","P","Curro","412E580337","01/01/1996 0:00:00","Cocker Spaniel","","M","N",""
"267","245","P","Chocolate","985100008173511","01/01/2000 0:00:00","Labrador","","M","N",""
"268","246","P","coctel","400D7D2F67","01/01/1996 0:00:00","Bobtail","","","",""
"269","247","P","Crazy","977200001372903","01/05/2002 0:00:00","Golden Retriever","","","",""
"270","248","P","Chipy","1165394561A","01/01/1998 0:00:00","Pastor Catalán ","","M","N",""
"271","249","P","Caiser","977200001400094","01/01/2002 0:00:00","Pitbull","","","",""
"272","250","P","Cuyagua","985100009788021","01/07/2002 0:00:00","Westhighland WT","","","",""
"273","251","P","Coca","000","01/01/1992 0:00:00","Cocker","","","",""
"274","252","P","Canela","985100009889379","01/01/2003 0:00:00","Cocker","","","",""
"275","253","P","Capote","985120014090585","01/02/2002 0:00:00","Teckel","","","",""
"276","254","P","Coca","412B4D590E","01/01/2000 0:00:00","Golden retriver","","","",""
"277","255","P","Cepillo","116455165A","","Beagle","","","",""
"278","256","P","Canito","41443D501E","01/01/1988 0:00:00","Mestizo","falta telefono","","",""
"279","257","P","Curra","111662640A","01/01/1996 0:00:00","Boxer","","","",""
"280","257","P","Tolcuato","0000","01/01/2001 0:00:00","Teckel de pelo corto","","","",""
"281","258","P","Cuca","121122177A","01/01/1998 0:00:00","Schnauzer","","M","S",""
"282","259","P","Chusca","0000","01/01/1990 0:00:00","Teckel","","","",""
"283","260","P","Clerk","0000","01/01/1998 0:00:00","Mestizo","","","",""
"284","261","P","Carolo","1F3506170F","01/01/1994 0:00:00","Cocker","","","",""
"285","262","P","Capo","117632244A","01/01/1998 0:00:00","Beagle","","","",""
"286","263","P","Cosmos","985120000436506","01/02/2001 0:00:00","Terranova","","","",""
"287","264","P","Coco","000","01/01/1996 0:00:00","","","","",""
"288","265","P","Casper","000","01/01/1998 0:00:00","Perro de agua","","","",""
"289","265","P","ola","0000000","01/01/1994 0:00:00","Perros de agua","","","",""
"290","266","P","Cora","985100006093166","01/01/1995 0:00:00","Cocker","","","",""
"291","267","P","Cequion","724098101251272","01/11/2001 0:00:00","Schnauzer mediano","","","",""
"292","268","P","Chevy","41012D625A","01/01/1989 0:00:00","Caniche","","","",""
"293","268","P","Branda","41026C5075","01/01/1991 0:00:00","Yorkshire","","","",""
"294","268","P","Leo","000","01/01/1998 0:00:00","Labrador","","","",""
"295","269","P","Charlie","000","01/01/1993 0:00:00","Schnauzer","","","",""
"296","270","P","Coky","111711220A","01/01/1995 0:00:00","Cocker","","","",""
"297","271","P","Ciro","115976320A","01/01/1996 0:00:00","Setter inglés","cuidado que no se escape, la dueña prefiere que no se saque","","",""
"298","272","P","Chispa","977200001564243","01/01/2002 0:00:00","Westhighland","","","",""
"299","273","P","Celia","0977200001464442","","Cocker","Adiestramiento en 2003","","",""
"300","274","P","Coco","0977200001682151","01/01/1992 0:00:00","Mestizo blanco","","","",""
"301","275","P","Choco","985120008902462","01/01/2002 0:00:00","Pointer","","","",""
"302","275","P","Bor","724098101132418","01/01/2001 0:00:00","Pointer","NO VOLVER A ADMITIR","","",""
"303","276","P","Carpi","985100007014849","01/01/2003 0:00:00","Boyero de Berna","","","",""
"304","277","P","Coca","111718224A","01/01/1996 0:00:00","Cocker","","","",""
"305","278","P","Coky","000","01/01/1984 0:00:00","Yorkshire","","","",""
"306","279","P","Coky","985100007041595","01/02/2000 0:00:00","Fox Terrier","","","",""
"307","280","P","Cooper","121676762A","01/01/1997 0:00:00","Golden Retriever","","","",""
"308","281","P","Chusky","1F4B4A715B","01/01/1993 0:00:00","Mestizo","","","",""
"309","282","P","Chiqui","115471111A","01/01/1996 0:00:00","Fox terrier","","","",""
"310","283","P","Mitchka","000","01/01/1991 0:00:00","mestizo","","","",""
"311","284","P","coca","CA238049","01/01/1992 0:00:00","Cocker","","","",""
"312","285","P","Chester","000","01/01/1999 0:00:00","Cocker Spaniel","","","",""
"313","286","P","Coco","05272474 T","01/06/2000 0:00:00","Labrador","","","",""
"314","287","P","Castor","985120008854198","01/01/1991 0:00:00","Golden Retriever","","","",""
"315","288","P","Dama","977200001419562","01/01/2000 0:00:00","mestizo","","","",""
"316","289","P","Corso","X412E5B567A","01/01/1996 0:00:00","Cocker Spaniel","","","",""
"317","290","P","Ciro","20330E1C03","01/01/1995 0:00:00","Alaska Malamute","","","",""
"318","291","P","Cujo","113663164A","01/01/1997 0:00:00","Rottweiler","Adiestramiento 1998","","",""
"319","292","P","Coque","11653936A","","Mestizo","","","",""
"320","293","P","Chula","1F1E284B50","01/01/1993 0:00:00","Pastor Alemán","","","",""
"321","294","P","Chiqui","2013082D18","01/01/1989 0:00:00","Mestizo","","","",""
"322","295","P","Chispa","985100008304775","01/01/2000 0:00:00","Labrador","","","",""
"323","296","P","Coco","98510000686744","01/01/1999 0:00:00","Cocker","","","",""
"324","297","P","Cani","40793D1905","01/01/1997 0:00:00","Cocker","","","",""
"325","298","P","Nina","117355337A","01/01/1993 0:00:00","Lhassa apso","","","",""
"326","299","P","Chica","724098100130336","01/03/1999 0:00:00","Presa canario","","","",""
"327","300","P","Coco","724098101253947","01/01/2001 0:00:00","Golden Retriever","","M","N",""
"328","301","P","Cusi","114764557 A","","Mestizo","","M","N",""
"329","302","P","Cindy","7F7B1E302E","01/01/1991 0:00:00","Cocker Spaniel","","","",""
"330","303","P","Curro","20276C4F7E","","Chihuahua","","","",""
"331","303","P","Colombo","204A082D61","","Chihuahua","","","",""
"332","303","P","Lola","977200001326399","","Chihuahua","","","",""
"333","303","P","Lázara","0977200001325329","","Chihuahua","","","",""
"334","304","P","Celia","985100010253486","01/01/2002 0:00:00","Shar-pei","Adiestramiento 2003","","",""
"335","305","P","Cruise","200819142B","","","","","",""
"336","306","P","Coco","985100010286989","01/01/2002 0:00:00","Mestizo","","","",""
"337","307","P","Cuca","977200001469804","01/01/2001 0:00:00","Mestizo","","","",""
"338","308","P","Coca","112955540A","01/01/1996 0:00:00","Cocker","","M","N",""
"339","309","P","Chonchi","0000","01/02/2000 0:00:00","Pit bull","","","",""
"340","310","P","Conan","1F1C1C7B2E","01/01/1992 0:00:00","Pastor belga","","","",""
"341","311","P","Cuqui","405A4C6E62","","","","","",""
"342","312","P","Chan","1F2F480268","01/01/1993 0:00:00","Teckel","","","",""
"343","313","P","Coco","000","01/01/1998 0:00:00","Boxer","","","",""
"344","314","P","Chana","116532257A","01/01/1998 0:00:00","Rottweiler","","","",""
"345","315","P","Chip","1F3D7174C5E","01/01/1989 0:00:00","Teckel","","","",""
"346","316","P","Cuca","0977200001309480","01/01/2002 0:00:00","Shar-pei","","","",""
"347","317","P","Chavelo","97720000050315A","01/01/1999 0:00:00","Mestizo","","","",""
"348","318","P","Cupon","51414106K","01/01/1998 0:00:00","Labrador","","","",""
"349","319","P","Cleo","000","01/01/1998 0:00:00","Labrador","","","",""
"350","320","P","Coky","1F2E786952","01/01/1993 0:00:00","Cocker","","","",""
"351","321","P","Cash","2018501662","01/01/1994 0:00:00","Pastor catalan","","","",""
"352","322","P","Clono","116746270A","01/01/1998 0:00:00","Labrador","","","",""
"353","323","P","Colon","112544532A","01/01/1995 0:00:00","Podenco","","","",""
"354","324","P","Cava","12247364A","01/01/1998 0:00:00","Cocker","","","",""
"355","325","G","Chiqui","51369063","","Común","","","",""
"356","326","P","Charly","000","01/01/2000 0:00:00","Bollero","Adiestramiento en 2000","","",""
"357","327","P","Chufa","0000","01/01/1996 0:00:00","Schnauzer","","","",""
"358","328","P","Chan","000","01/01/1993 0:00:00","Boxer","","","",""
"359","329","P","Cleo","112122145A","01/01/1990 0:00:00","Boxer","","","",""
"360","330","P","Coco","00817959X","01/01/1994 0:00:00","Cocker","","","",""
"361","331","P","Copi","000","","Mestizo","","","",""
"362","332","P","Chispa","1F2F484D1D","01/01/1993 0:00:00","Cocker","","M","N",""
"363","333","P","Colmi","000","01/01/1998 0:00:00","Mestizo","","","",""
"364","334","P","Cosmo","4100377B79","01/01/1996 0:00:00","Alaskan malamute","","M","N",""
"365","335","P","Chata","000","01/01/1995 0:00:00","Bulldog inglés","","","",""
"366","336","P","Churro","000","01/01/1997 0:00:00","Labrador","","","",""
"367","337","P","Coky","000","01/01/1995 0:00:00","Cocker","","","",""
"368","338","P","Coctel","400D7D2F67","01/01/1995 0:00:00","Bobtail","","","",""
"369","339","P","Chiky","00","01/01/1994 0:00:00","Yorkshire","","","",""
"370","340","P","Cera","985100005282162","01/01/1999 0:00:00","Gos D´atura","","","",""
"371","341","P","Cuca","1F7B1F3928","01/01/1988 0:00:00","Caniche","","","",""
"372","342","P","Chula","41451C3A71","01/01/1998 0:00:00","Presa canario","","","",""
"373","343","P","Ciudadana","41014A6067","01/01/1998 0:00:00","Mestizo","","","",""
"374","343","P","Fluss","412E5B3E46","01/01/1998 0:00:00","Labrador","Adiestramiento en 1999","","",""
"375","344","P","Curro","000","","Mestizo","","","",""
"376","345","P","Coco","985120008862628","01/01/1999 0:00:00","Shap-pei","","","",""
"377","346","P","Curra","116319761A","","Golden retriever","","","",""
"378","347","P","Caos","222217681 B","01/01/1997 0:00:00","Schnaucer mediano negro","ESTA MAL LOS TELEFONOS","M","N",""
"379","347","P","CHULA","977200007708506","","Schnauer Enano","","H","S",""
"380","348","P","Coky","0000","01/01/1996 0:00:00","Mestizo","","","",""
"381","349","P","Curro","5283377R","01/01/1998 0:00:00","Podenco","","","",""
"382","350","P","Christopher","90222678","01/01/2000 0:00:00","Cocker","","","",""
"383","351","P","Calcetines","01937665F","01/02/2000 0:00:00","Mestizo","","","",""
"384","352","P","Cari","1F342C4140","01/01/1993 0:00:00","Shitzu","","","",""
"385","353","P","Crazy","985100006931514","01/01/1991 0:00:00","Alaskan malamute","","","",""
"386","354","P","Cubi","116162397A","","Mestizo","","M","N",""
"387","355","P","Casper","977200001328785","01/01/2000 0:00:00","Perro de aguas","","M","N",""
"388","356","P","Cuca","000","","Caniche","","","",""
"389","357","P","Cleo","724098101271459","01/01/2001 0:00:00","","Adiestramiento en 2002","","",""
"390","358","P","Cuca","0000","01/01/1993 0:00:00","Caniche mediano","","","",""
"391","359","P","Conga","000","01/01/1996 0:00:00","Labrador","","M","N",""
"392","360","P","Carrie","111721233A","01/01/1996 0:00:00","Fox terrier","","","",""
"393","361","P","Canela","7F7A1B1264","01/01/1988 0:00:00","Mestizo","","","",""
"394","362","P","Coca","1F2F62460A","","Mestizo","","","",""
"395","363","P","Cares","977200001070709","01/01/1999 0:00:00","Pastor alemán","","","",""
"396","364","P","Cuco","977200005021455","01/01/1993 0:00:00","Mestizo","","","",""
"397","365","P","Christmas","07498765Y","01/01/1995 0:00:00","Pastor alemán","","","",""
"398","366","P","Conan","116246333A","01/01/1996 0:00:00","Boxer","","","",""
"399","367","P","Cartoon","1F1F4B4037","","Maltés","","M","N",""
"400","367","P","Curro","000","","Lasha apsho","","","",""
"401","367","P","Anuk","000","","Alaskan malamute","","","",""
"402","368","P","Christal","117657255A","01/01/1996 0:00:00","Alaskan malamute","","","",""
"403","369","P","Cati","977200001447555","01/01/2000 0:00:00","Mestizo","","","",""
"404","370","P","Coco","977200005039886","01/05/2004 0:00:00","Mestizo","","M","N",""
"405","371","P","Cachis","977200005025636","01/08/2003 0:00:00","Mestizo mediano","","","",""
"406","372","P","Duque","0977200001706936","01/01/2002 0:00:00","Cocker","","","",""
"407","373","P","Danko","11567193A","","Husky","","","",""
"408","374","P","Darko","2034016744","01/01/1996 0:00:00","Braco alemán","","","",""
"409","375","P","Dana","724098100481429","01/03/2003 0:00:00","Pointer","Debe 100€ de ultima residencia sep ´06","M","N",""
"410","375","P","Lassie","1F1C195656","01/01/1993 0:00:00","Spanier bretón","","","",""
"411","376","P","Damplin","124865624A","01/01/1999 0:00:00","Sharp-pei","","","",""
"412","377","P","Don","1F333D2E43","01/01/1995 0:00:00","Mestizo","","","",""
"413","378","P","Donna","400E70112E","01/01/1999 0:00:00","Golden retriever","","","",""
"414","379","P","Duque","000","","Rottweiler","","","",""
"415","380","P","Dona","0000","01/01/1996 0:00:00","Rottweiler","","","",""
"416","381","P","Dandy","412C077A04","01/01/1997 0:00:00","Westhigland","","","",""
"417","382","P","Dogo","0000","","Dogo maltés","","","",""
"418","383","P","Duque","4056324076","01/01/1997 0:00:00","Mestizo","","","",""
"419","384","P","Diva","4101560513","01/01/1997 0:00:00","Braco de Weimar","","","",""
"420","385","P","Dolly","1F1A6D2634","01/01/1994 0:00:00","Shith-tzu","","","",""
"421","386","P","Dunia","977200001404118","01/04/2000 0:00:00","San bernardo","","","",""
"422","387","P","Danko","114535631A","01/01/1997 0:00:00","Mestizo","","","",""
"423","388","P","Danko","000","01/01/1998 0:00:00","Rottweiler","","","",""
"424","389","P","Deep","977200000495076","01/01/1999 0:00:00","Mestizo","","","",""
"425","390","P","Dora","112264537A","01/01/1995 0:00:00","Mestizo","","","",""
"426","391","P","Danko","0977200001715511","01/01/2002 0:00:00","Pastor alemán","","","",""
"427","392","P","Danko","114727316A","01/01/1997 0:00:00","Rottweiler","","","",""
"428","393","P","Denis","000","","Teckel","","","",""
"429","394","P","Diana","1F2B33394A","01/01/1993 0:00:00","Mestizo","","","",""
"430","395","P","Doli","000","01/01/1997 0:00:00","Caniche","","","",""
"431","395","P","Tara","000","01/01/1999 0:00:00","Caniche","","","",""
"432","396","P","Duc","20034340J","01/01/2001 0:00:00","Pastor belga","","","",""
"433","397","P","Dana","405862375C","01/01/1998 0:00:00","Bulldog inglés","","","",""
"434","398","P","Don","45222424P","01/01/1996 0:00:00","Pastor alemán","","","",""
"435","399","P","Draqui","00000","","Pointer","","","",""
"436","399","P","Moro","000","","Mestizo","","","",""
"437","400","P","Draco","977200004744238","01/10/2003 0:00:00","Mestizo","","","",""
"438","401","P","Cindy","10934","01/12/2003 0:00:00","Pittbull","","","",""
"439","402","P","Dama","009101514096","01/07/2003 0:00:00","Perro de aguas","","","",""
"440","403","P","Dino","1F517C355F","","Pastor alemán","","","",""
"441","403","P","Lucas","982009100815049","","Westhighland","","","",""
"442","404","P","Duque","7F7B204864","01/01/1992 0:00:00","Pastor alemán","","","",""
"443","405","P","Danco","0000","01/01/1996 0:00:00","Rottweiler","","","",""
"444","406","P","black","1F1C4C1663","01/01/1993 0:00:00","Pastor bretón","","M","N",""
"445","406","P","FiGo","000","01/01/2000 0:00:00","Teckel","SACRIFICADO","M","N",""
"446","407","P","Drake","985120008820659","01/01/2002 0:00:00","Golden retriever","","","",""
"447","408","P","Danka","122154092A","01/01/1991 0:00:00","Pastor alemán","","","",""
"448","409","P","Desy","03100019X","01/01/1995 0:00:00","Pastor alemán","","","",""
"449","409","P","Sindy","000","01/01/1998 0:00:00","Yorkshire","","","",""
"450","410","P","Dona","116329145A","01/01/1991 0:00:00","Mestiza","","","",""
"451","411","P","Dolf","977200000572643","01/01/1999 0:00:00","Braco alemán","","","",""
"452","412","P","Dana","000","01/01/1996 0:00:00","Mestizo","","","",""
"453","413","P","Dock","0977200001523264","","Labrador","","","",""
"454","413","P","Zar","985100008057144","","Boxer","","","",""
"455","414","P","Drago","121332164A","01/01/1997 0:00:00","Pittbull","","","",""
"456","415","P","Dana","985120006913717","01/01/2001 0:00:00","Dalmata","","","",""
"457","416","P","Dingo","977200000708652","01/01/1999 0:00:00","Mestizo","","","",""
"458","417","P","Davor","412D56596D","01/01/1997 0:00:00","Westhighland","","","",""
"459","418","P","Domingo","000","01/01/2000 0:00:00","","","","",""
"460","419","P","Domingo","121211364A","01/01/1996 0:00:00","Mestizo","","","",""
"461","420","P","Duma","000","01/01/1997 0:00:00","Rottweiler","Adiestramiento en 1999","","",""
"462","421","P","Dyc","407D656062","01/01/1997 0:00:00","Pastor alemán","","","",""
"463","422","P","Dama","000","","Pastor belga","","","",""
"464","423","P","Darguin","000","01/01/2000 0:00:00","Beagle","","","",""
"465","424","P","Dante","000","01/01/1997 0:00:00","Dogo alemán","","","",""
"466","425","P","Duna","115836725A","01/01/1996 0:00:00","Cocker","","","",""
"467","426","P","Drako","1F240A446F","01/01/1994 0:00:00","Pastor alemán","","","",""
"468","426","P","Tana","41045F4E40","01/01/1996 0:00:00","Pastor alemán","","","",""
"469","427","P","Dama","977200001096131","01/07/1999 0:00:00","Labrador","Adiestramiento en 2002","","",""
"470","428","P","Doky","40791F5550","01/01/1997 0:00:00","Teckel pelo duro","","","",""
"471","429","P","Denver","41342E3D08","01/01/1998 0:00:00","Cocker negro","","","",""
"472","430","P","Dolfo","985100005372296","","Caniche","","","",""
"473","431","P","Duque","1F09260E24","01/01/1989 0:00:00","Pequinés","","","",""
"474","432","P","Dunia","405060D47","","Cocker","","","",""
"475","433","P","Druso","1F153C761A","01/01/1993 0:00:00","Mestizo","","","",""
"476","434","P","Desmond","977200004426476","01/01/2003 0:00:00","Mestizo","","","",""
"477","435","P","Danko","000","01/01/2000 0:00:00","Schnauzer gris","","","",""
"478","436","P","Enano","000","01/01/2002 0:00:00","Bulldog inglés","","","",""
"479","437","P","Eboni","1F190F0336","01/01/1990 0:00:00","Teckel","","","",""
"480","438","P","Ella","977200000713834","01/01/1998 0:00:00","Schnauzer gigante","","","",""
"481","439","P","Elvis","115736540A","01/01/1993 0:00:00","Rottweiler","","M","S",""
"482","440","P","Elton","02247242","01/01/1997 0:00:00","Westhighland","","","",""
"483","441","P","Elba","201B5A501B","01/01/1994 0:00:00","Fox terrier","","","",""
"484","442","P","Estrella","405C2D020D","01/01/1992 0:00:00","Mestizo","","","",""
"485","443","P","Estrella","000","01/01/1993 0:00:00","Mestizo","","","",""
"486","444","P","Esther","46327","01/01/1988 0:00:00","Golden retriever","","","",""
"487","445","P","Esh","0543269K","01/01/1994 0:00:00","Cocker","","","",""
"488","445","P","Ele","000","01/01/1993 0:00:00","Cocker","","","",""
"489","446","P","Esga","0985100005706004","01/01/1999 0:00:00","Rottweiler","","","",""
"490","447","P","Ernesto","000","01/01/1994 0:00:00","Basset hound","","","",""
"491","448","P","Elsa","000","01/01/1997 0:00:00","Teckel pelo duro","","","",""
"492","449","P","Elvis","985100009924643","01/01/2001 0:00:00","Boxer","","","",""
"493","450","P","Emir","000","01/01/1995 0:00:00","Pastor alemán","","","",""
"494","451","P","000","000","30/06/2011 0:00:00","","","M","N",""
"495","452","P","Eddie","982009100640467","01/01/2001 0:00:00","Mestizo","Adiestramiento en 2002","","",""
"496","453","P","Ely","724098100224997","01/01/2001 0:00:00","Rottweiler","","","",""
"497","454","P","Exon","000","01/01/2000 0:00:00","Cocker","","","",""
"498","455","P","Fino","977200001306310","01/01/1997 0:00:00","Mestizo","","","",""
"499","456","P","Fresa","20315E0051","01/01/1994 0:00:00","Schnauzer mini","","","",""
"500","457","P","Flap","000","01/01/1998 0:00:00","Golden retriever","","","",""
"501","458","P","Frisky","724098101215852","01/01/2001 0:00:00","Pastor alemán","","M","N",""
"502","459","P","Frida","977200000761757","","","","","",""
"503","460","P","Freddy","1F1877636F","01/01/1988 0:00:00","Caniche","","","",""
"504","461","P","Foc","000","01/01/1990 0:00:00","Mestizo","","","",""
"505","462","P","Flip","000","01/01/1995 0:00:00","Pastor alemán","","","",""
"506","463","P","Frodo","41002B530B","01/01/1998 0:00:00","Schnauzer gigante","","","",""
"507","464","P","Funky","977200001351824","01/01/2001 0:00:00","Mestizo","","","",""
"508","465","P","Fogo","000","","Golden retriever","","","",""
"509","466","P","Frodo","121609696A","01/01/1998 0:00:00","Schnauzer","","","",""
"510","467","P","Freud","000","01/01/1988 0:00:00","Mestizo","","","",""
"511","468","P","Fausto","985100009583956","01/01/2000 0:00:00","Bulldog frances","","","",""
"512","469","P","Fersen","LZK600","01/01/1990 0:00:00","chaplanina","","","",""
"513","470","P","Fredo","1F21684513","01/01/1993 0:00:00","Schnauzer gigante","","","",""
"514","471","P","Fluss","000","01/01/1997 0:00:00","Mestizo","","M","N",""
"515","471","P","Adan","000","01/01/1997 0:00:00","Mestizo","","M","N",""
"516","472","P","Foxqui","116338092A","01/01/1989 0:00:00","Fox terrier","","M","S",""
"517","473","P","Friki","7F7B1E2C64","01/01/1986 0:00:00","Spaniel bretón","","","",""
"518","474","P","Foxy","0000","01/01/2002 0:00:00","Pomerania","","","",""
"519","475","P","Fifty","1F1549067D","01/01/1991 0:00:00","Teckel","","","",""
"520","476","P","Fifo","226E26074A","01/01/1993 0:00:00","Mestizo de caniche","","","",""
"521","477","P","Golfa","000","01/01/2003 0:00:00","Lakeland terrier","","","",""
"522","478","P","Goku","403C16727C","01/01/1995 0:00:00","Mestizo","","","",""
"523","479","P","Goofy","117569561A","01/01/1997 0:00:00","Westhighland","","","",""
"524","480","P","Goku","1F12242B00","01/01/1991 0:00:00","Pastor belga","","","",""
"525","481","P","Gosh","000","","Cocker americano","","","",""
"526","482","P","Gollum","72409810144785","01/01/2000 0:00:00","Boxer","","","",""
"527","483","P","Gavo","000","01/01/2000 0:00:00","Polden retriever","","","",""
"528","483","P","Lanas","000","01/01/2001 0:00:00","Perro de aguas español","","","",""
"529","484","P","Guevara","724098101233608","01/02/2002 0:00:00","Pastor alemán","","","",""
"530","485","P","Gordon","000","01/01/1992 0:00:00","Braco","","","",""
"531","486","P","Gordy","982009100365443","01/01/2000 0:00:00","Pastor alemán","","","",""
"532","487","P","Gaspar","4102041E45","01/01/1997 0:00:00","Cocker","","","",""
"533","488","P","Grin","1F2F2E780C","01/01/1993 0:00:00","Gos D´atura","","","",""
"534","489","P","Gorgos","122523362A","01/01/1998 0:00:00","Mastín","","","",""
"535","490","P","Gil","620098101010370","01/01/2000 0:00:00","Labrador","","","",""
"536","491","P","Grey","121266577A","01/01/1998 0:00:00","Husky","","","",""
"537","492","P","Godo","982009100116726","01/01/1999 0:00:00","Cocker","","M","S",""
"538","492","P","Cooper","9820091000027822","01/01/1998 0:00:00","Cocker","","M","N",""
"539","493","P","Guru","724098100457007","01/08/2003 0:00:00","Yorkshire enano","Ha anulado en semana Santa en el último momento","M","N",""
"540","494","P","Gris","122225497A","01/01/1998 0:00:00","Mestizo","","","",""
"541","495","P","Gerome","0977200001312747","01/01/2002 0:00:00","Yorkshire","","","",""
"542","496","P","Frodo","4101707C0E","01/01/1996 0:00:00","Mastín","","","",""
"543","496","P","Gus","4101387B35","01/01/1997 0:00:00","Mestizo","","","",""
"544","497","P","Golfo","1F1772292F","01/01/1989 0:00:00","Mestizo","","","",""
"545","498","P","TORMENTA","981098102171464","07/06/2008 0:00:00","Bodeguero","","H","S",""
"546","498","P","Pulga","000","","Mestizo","","M","N",""
"547","499","P","Golfo","323664M79","01/01/1985 0:00:00","Mestizo","","","",""
"548","500","P","Gualas","35015697Z","01/01/1995 0:00:00","Bulldog","Adiestramiento antes del 99","","",""
"549","500","P","Dewlom","000","01/01/1990 0:00:00","Golden retriever","","","",""
"550","501","P","Goofy","000","01/01/1999 0:00:00","","","","",""
"551","502","P","Gus","977200001165592","01/01/1998 0:00:00","Boxer","","","",""
"552","503","P","Greta","724098101072124","01/01/1999 0:00:00","Basset hound","","","",""
"553","504","P","Golfo","724098101271516","01/01/2001 0:00:00","Mestizo","","","",""
"554","505","P","Golfo","1F1F181416","01/01/1993 0:00:00","Cocker","","","",""
"555","506","P","Galadriel","0977200001489467","01/08/2003 0:00:00","Alaskan malamute","","","",""
"556","507","P","Ginebra","115856374A","01/01/1999 0:00:00","Mestizo","","","",""
"557","508","P","Guny","000","01/01/1994 0:00:00","Bardino de Fuerteventura","","","",""
"558","509","P","THOR","977200007245635","11/08/2008 0:00:00","Bobtail","","M","N",""
"559","510","P","Greta","1FC4F5C1A","01/01/1993 0:00:00","Pastor alemán","","","",""
"560","511","P","Gocho","17054952S","01/01/1992 0:00:00","Mestizo","","","",""
"561","512","P","Gustavo","000","01/01/1998 0:00:00","Yorkshire","","","",""
"562","513","P","Grey","121266577","01/01/1998 0:00:00","Husky","","","",""
"563","514","P","Gala","1F5460317C","01/01/1994 0:00:00","Cocker","","","",""
"564","515","P","Guay","0985100005235834","01/01/1995 0:00:00","Pastor alemán ","","","",""
"565","516","P","Guinda","M391486","01/01/1987 0:00:00","Mestiza","","","",""
"566","517","P","Gorbi","7F7D4E0E59","01/01/1990 0:00:00","Mestizo","","","",""
"567","518","P","Guss","220B144D73","01/01/1996 0:00:00","Pastor alemán","","","",""
"568","519","P","Gus","121545633A","01/01/1997 0:00:00","Shar-Pey","","M","N",""
"569","520","P","Guss","22202A1E72","01/01/1996 0:00:00","Gos D´atura","","","",""
"570","521","P","Gundi","1F4C72663D","01/01/1989 0:00:00","Pastor alemán","","","",""
"571","522","P","Gina","115738330A","01/01/1996 0:00:00","Pastor belga","","","",""
"572","523","P","Goofy","202C62430F","01/01/1995 0:00:00","Caniche","","","",""
"573","524","P","Gore","400B0D513A","01/01/1997 0:00:00","Mestizo","","","",""
"574","525","P","Gandalf","000","","Yorkshire","","","",""
"575","525","P","Caito","00","","Schnauzer","","","",""
"576","526","P","Golfo","203C4D7F58","01/01/1995 0:00:00","Mestizo","","","",""
"577","527","P","Gos","1F1A7D0545","01/01/1996 0:00:00","Gos D´atura","","","",""
"578","528","P","Golfa","112568091A","01/01/1997 0:00:00","Cocker","","M","N",""
"579","529","P","Gus","20106D5F04","01/01/1995 0:00:00","Cocker","","","",""
"580","530","P","Gus","02528094A","01/01/1998 0:00:00","Samoyedo","","","",""
"581","531","P","Gus","1F192D5E3D","01/01/1990 0:00:00","Gos D´atura","","","",""
"582","532","P","Gato","41442A712D","01/01/1998 0:00:00","Fila brasileño","","","",""
"583","533","P","Ghost","724098101023287","01/01/1998 0:00:00","Beagle","","","",""
"584","534","P","Gaucho","20042D3976","01/01/1995 0:00:00","Yorkshire","","","",""
"585","535","P","Gulliver","985100010325734","01/01/2002 0:00:00","Bull terrier","Adiestramiento  en 2003","","",""
"586","536","P","Gus","112724611A","01/01/1996 0:00:00","Pastor alemán","","","",""
"587","536","P","Golfy","113265560A","01/01/1996 0:00:00","Schnauzer mediano","","","",""
"588","537","P","Goofy","0977200001643898","01/01/1998 0:00:00","San bernardo","","M","N",""
"589","538","P","Inuk","0977200001579526","01/01/2003 0:00:00","Husky","Adiestramiento en 2003, (9 euros noche)","","",""
"590","539","P","Hinon","000","01/01/1999 0:00:00","Pastor belga","","","",""
"591","540","P","Harrison","53411644D","01/01/1999 0:00:00","Labrador","","","",""
"592","541","P","HINNOR","116532557A","01/01/1997 0:00:00","Pastor alemán","","M","N",""
"593","542","P","Itaca","00","01/01/2001 0:00:00","Chow-chow","","","",""
"594","543","P","Hommer","724098100315497","01/02/2002 0:00:00","Labrador","","M","N",""
"595","544","P","Hella","724098100127026","01/01/1991 0:00:00","Pastor alemán","","","",""
"596","545","P","Harry","724098100433419","01/01/2003 0:00:00","Westhighland","","","",""
"597","546","P","Indy","1F1C057F41","01/01/1991 0:00:00","Boxer","","M","S",""
"598","546","P","Lobo","201B697C60","01/01/1995 0:00:00","Husky","","","",""
"599","546","P","Mutem","1F18460F74","01/01/1988 0:00:00","Mestizo","","","",""
"600","547","P","Inuk","000","01/01/1995 0:00:00","Pastor alemán","","","",""
"601","548","P","Individuo","0977200001421150","01/01/2001 0:00:00","Jack Rusell","","","",""
"602","549","P","Indra","009100799115","01/01/2001 0:00:00","Presa canario","","","",""
"603","550","P","Hook","1F140D063A","01/01/1992 0:00:00","Bobtail","","","",""
"604","551","P","Has","00","01/01/1994 0:00:00","Husky","","","",""
"605","551","P","Aila","000","01/01/1996 0:00:00","Husky","","","",""
"606","552","P","Haleon","0977200001301577","","","","","",""
"607","553","P","Homero","41022A7B2D","01/01/1996 0:00:00","Pastor breton","","","",""
"608","554","P","Humprey","1F213704105","01/01/1994 0:00:00","Cocker","","","",""
"609","554","P","Mickey","000","01/01/1996 0:00:00","Spaniel","","","",""
"610","555","P","Hook","1F53783363","01/01/1995 0:00:00","Alaskan malamute","","","",""
"611","556","P","Huella","116716692A","01/01/1997 0:00:00","Labrador","","","",""
"612","557","P","Hugo","117636097A","01/01/1998 0:00:00","Mastin","","","",""
"613","558","P","Holly","000","01/01/1991 0:00:00","Fox terrier","","","",""
"614","558","P","Luna","000","","Fox terrier","","","",""
"615","559","P","Hommer","1F54360E49","01/01/1995 0:00:00","Pastor alemán","","","",""
"616","560","P","Huicho","000","01/01/1996 0:00:00","Cocker","","","",""
"617","561","P","Husky","000","01/04/1999 0:00:00","Mestizo","","","",""
"618","562","P","Hook","1F34447277","01/01/1994 0:00:00","Teckel de pelo corto","","","",""
"619","563","P","Iris","4056631D18","01/01/1998 0:00:00","Pastor vasco","","","",""
"620","564","P","Indiana","253872","01/01/1992 0:00:00","Mestizo","","","",""
"621","565","P","Isok","2005215F5B","01/01/1995 0:00:00","Pastor alemán","","","",""
"622","566","P","India","15AB4239","01/01/2000 0:00:00","Pitbull","","","",""
"623","567","P","Haffy","115745393A","01/01/1996 0:00:00","Schnauzer","","","",""
"624","568","P","Inka","405A601D3D","01/01/1996 0:00:00","Boxer","","","",""
"625","569","P","Isaac","407D603467","01/01/1999 0:00:00","Teckel pelo duro","","","",""
"626","570","P","Irka","51661375V","01/01/1995 0:00:00","Boxer","","","",""
"627","570","P","Norok","000","01/01/1995 0:00:00","Terrier","","","",""
"628","571","P","Inga","1F3B514312","01/01/1994 0:00:00","Rottweiler","","","",""
"629","572","P","Iggy","000","01/01/1990 0:00:00","Pastor alemán","","","",""
"630","573","P","Isel","4079343337","01/01/1997 0:00:00","Cocker","","","",""
"631","574","P","Iron","977200001417420","01/01/2001 0:00:00","Pointer","","","",""
"632","575","P","Iru","000","01/01/1996 0:00:00","Pastor alemán","Adiestramiento en 1997","","",""
"633","576","P","Isel","4079343337","01/01/1997 0:00:00","Cocker","","","",""
"634","577","P","Indi","115449513A","01/01/1996 0:00:00","Gos D´atura","","","",""
"635","578","P","Hommer","985100005193885","01/01/1999 0:00:00","Boxer","","","",""
"636","579","P","Hommer","000","01/01/1993 0:00:00","Scotish terrier","","","",""
"637","580","P","Hunter","977200000720417","01/01/1999 0:00:00","Labrador","","","",""
"638","581","P","Hector","724098101128257","01/01/2001 0:00:00","Pastor alemán","","","",""
"639","582","P","HAPPY","977-200000506906","01/01/1999 0:00:00","Cocker Spaniel","","","",""
"640","583","P","HUGO","72408101220418","01/01/2000 0:00:00","American Stafordshire","","","",""
"641","584","P","HUESOS","1147610974","01/01/1996 0:00:00","Mestizo","","","",""
"642","585","P","HORACIO","724098100375112","01/01/2000 0:00:00","Pastor de Brie","","M","N",""
"643","586","P","HUSKY","1F3411227 A","01/01/1994 0:00:00","Huskie Siberiano","","","",""
"644","587","P","Rocky","20055C453A","","mestizo","","","",""
"645","588","P","JAR","20511A3045","01/01/1995 0:00:00","Alaska Malamute","","","",""
"646","589","P","JIMMY","009000107674","01/01/1998 0:00:00","Labrador Retriver","","","",""
"647","590","P","JERRY","1F711F1F32","01/01/1996 0:00:00","Cocker Spaniel","","M","N",""
"648","591","P","JANA","1F0A190737","01/01/1990 0:00:00","Mastín Napolitano","","","",""
"649","592","P","Josefina","1F1132306E","01/01/1993 0:00:00","Labrador","","","",""
"650","593","P","JARA","Desconocido en aquel año","01/01/1995 0:00:00","Teckel","","","",""
"651","594","P","Janfry","2012183501","01/01/1995 0:00:00","Samoyedo","","","",""
"652","595","P","JARA","122631357A","01/01/1998 0:00:00","Mestizo","","","",""
"653","596","P","JOY","977.200001091415","01/01/2000 0:00:00","Maltes","","","",""
"654","597","P","Jaro","No consta","01/01/1995 0:00:00","Perdiguero de Burgos","","","",""
"655","598","P","Yackie","201D114D65","01/01/1995 0:00:00","Cocker","","M","N",""
"656","599","P","Juana","977200001157054","01/01/1995 0:00:00","Mestizo","","","",""
"657","600","P","Jabato","000","01/01/2002 0:00:00","Springle spaniel","","","",""
"658","601","P","Jony","000","01/01/1996 0:00:00","Mestizo","","","",""
"659","602","P","Jade","000","01/04/2000 0:00:00","","","","",""
"660","603","P","Walter","977200000693478","01/05/2000 0:00:00","Labrador","","","",""
"661","604","P","Junior","126706","01/03/1999 0:00:00","Pointer","","","",""
"662","605","P","Jessy","1F3C63675B","01/01/1985 0:00:00","Mestizo","","","",""
"663","606","P","Jara","000","01/01/1994 0:00:00","teckel","","","",""
"664","607","P","Jorge","0985100005263559","01/01/1998 0:00:00","Boxer","","","",""
"665","608","P","Jaky","977200000608397","01/01/2000 0:00:00","West highland white terrier","","","",""
"666","609","P","Jaro","121539226A","01/01/1997 0:00:00","Boxer","","","",""
"667","610","P","July","985100005347728","01/03/1999 0:00:00","Caniche","","","",""
"668","611","P","Nuca","000","01/01/1996 0:00:00","Mestizo","","","",""
"669","612","P","Joss","412E4B2731","01/12/1996 0:00:00","Mastín leonés","","","",""
"670","613","P","Junter","X2741472 X","01/09/1998 0:00:00","Labrador","","","",""
"671","614","P","Jager","117936323A","01/01/1998 0:00:00","Mestizo","","","",""
"672","615","P","Jos","000","01/01/1995 0:00:00","Gos D'atura","","","",""
"673","616","P","Jaro","112276280A","01/01/1995 0:00:00","Cocker","","","",""
"674","617","P","Jai","220B2A7B5B","01/01/1995 0:00:00","Pastor belga","","","",""
"675","618","P","Jara","115647392 A","01/01/1996 0:00:00","Pastor alemán","","","",""
"676","619","P","Jana","000","01/01/1995 0:00:00","Fox terrier","","","",""
"677","620","P","Jack","1F18407712","01/01/1993 0:00:00","Fox terrier","","","",""
"678","621","P","Jambo","000","01/01/1995 0:00:00","Mestizo","","","",""
"679","622","P","Pizca","111727167A","01/09/1995 0:00:00","Pastor alemán","","","",""
"680","623","P","Sorya","72409810184421","01/01/1993 0:00:00","Mestizo","","","",""
"681","624","P","Jarpo","724098101124635","01/06/2001 0:00:00","Fox terrier","","","",""
"682","625","P","Juno","000","01/01/2000 0:00:00","Rottweiler","","","",""
"683","626","P","Jana","000","01/01/2000 0:00:00","Gos d'atura","","","",""
"684","627","P","Jakie","000","01/01/1997 0:00:00","American Staford Pitbull","","M","N",""
"685","628","P","Nela","985100006403000","01/01/2001 0:00:00","Mestizo","","","",""
"686","629","P","Hanno","724098100361294","01/01/2002 0:00:00","Labrador","","","",""
"687","630","P","Kara","1F533C4F03","","rottweiler","","","",""
"688","631","P","Kira","000","01/01/1998 0:00:00","Cocker Spaniel","","","",""
"689","632","P","Killer","000","01/04/1998 0:00:00","Cocker","","","",""
"690","633","P","Killer","344975","01/06/1997 0:00:00","Doberman","adiestramiento 1998","M","N",""
"691","634","P","Wilma","977200001239237","01/01/1999 0:00:00","Pastor alemán","","","",""
"692","635","P","Kimbo","985100009843731","01/01/2001 0:00:00","Alaska Malamute","","","",""
"693","636","P","Kira","977200000732560","01/11/1998 0:00:00","Mestizo","adiestramiento 1999","","",""
"694","637","P","Kira","000","01/03/2001 0:00:00","Golden Retriver","","","",""
"695","638","P","Kiki","985100010030757","01/12/2001 0:00:00","labrador","","","",""
"696","639","P","Kendall","121111491A","01/01/1997 0:00:00","Alaska malamute","","","",""
"697","640","P","Kala","407D6B4564","01/01/1997 0:00:00","Alaska malamute","","","",""
"698","641","P","Killa","X46826","01/01/2001 0:00:00","Husky siberiano","","","",""
"699","642","P","Kira","115656572A","01/01/1996 0:00:00","Golden retriever","","","",""
"700","643","P","Kimbo","985100005988454","01/01/2002 0:00:00","mestizo","","","",""
"701","644","P","Kira","201838751 B","01/01/1995 0:00:00","Golden retriever","","","",""
"702","645","P","Kaiser","1F34517468","01/01/1996 0:00:00","Mestizo","","","",""
"703","646","P","Kiko","12117122A","","Mestizo","","","",""
"704","647","P","Kike","000","01/09/1996 0:00:00","Schnauzzer","","","",""
"705","648","P","Kike","1F3A167021","01/01/1987 0:00:00","mestizo","","","",""
"706","649","P","Obo","2013032129","","mestizo de mastin","","M","N",""
"707","650","P","Lola","000","","","","","",""
"708","651","P","Kimo","982009100953212","01/01/2002 0:00:00","cocker spaniel ","adiestramiento 2003","","",""
"709","652","P","Keeper","22036E4D6F","01/01/1989 0:00:00","caniche mediano","","","",""
"710","653","P","Kika","97720001670125","01/01/1986 0:00:00","beagel","","","",""
"711","654","P","Kalin","115456315A","01/01/1995 0:00:00","Husky siberiano","","","",""
"712","655","P","Karen","000","01/01/1988 0:00:00","Pastor alemán","","","",""
"713","656","P","Kaiser","69525","","Husky siberiano","","","",""
"714","657","P","Kiko","121137260A","01/01/1997 0:00:00","Labrador","","","",""
"715","658","P","Kico","000","01/01/1992 0:00:00","Lhassa apso","","","",""
"716","659","P","Kuki","00","01/01/1996 0:00:00","Mestizo","","","",""
"717","660","P","Kina","1F395A616D","01/01/1994 0:00:00","Pastor alemán","","","",""
"718","661","P","Kiko","977200000705688","01/01/1998 0:00:00","Rottweiler","","","",""
"719","662","P","Kushack","7F7A1B0478","01/01/1993 0:00:00","Husky siberiano","","","",""
"720","663","P","Kaviria","378496","01/02/2002 0:00:00","dogo aleman","","","",""
"721","664","P","Kiro","0157029","01/01/1999 0:00:00","Mastin","","","",""
"722","665","P","King","000","01/11/2003 0:00:00","Yorkshire","","","",""
"723","666","P","Kahana","115836773A","01/01/1996 0:00:00","Labrador","","","",""
"724","667","P","Kika","4103057E4F","01/01/1996 0:00:00","Mestizo","","","",""
"725","668","P","Koldo","410436122E","01/01/1996 0:00:00","Pastor alemán","","","",""
"726","669","P","Keny","009100791656","01/01/2001 0:00:00","Golder retriever","","","",""
"727","670","P","Kira","000","01/01/1991 0:00:00","Cocker","","","",""
"728","671","P","Kayla","0977200001677594","01/01/2003 0:00:00","Beagle","","","",""
"729","672","P","Kiko","977200000588771","01/01/1999 0:00:00","Mestizo","","","",""
"730","673","P","Kay","953000000209466","01/06/2003 0:00:00","Mestizo","","","",""
"731","674","P","Kuky","977200000758588","01/01/1995 0:00:00","Beagle","","","",""
"732","674","P","Chusca","977200000651304","01/01/1991 0:00:00","Mestizo","","","",""
"733","675","P","Kimbo","115173155A","01/01/1997 0:00:00","Pastor alemán","","","",""
"734","675","P","Saska","116309266A","01/01/1999 0:00:00","Pastor alemán","","","",""
"735","676","P","HARPO","981098100638197","27/09/2006 0:00:00","Bulldog Frances","","M","N","atigrado"
"736","677","P","Kimba","2024037841","01/01/1994 0:00:00","","","","",""
"737","677","P","Perla","392231","01/04/2002 0:00:00","","","","",""
"738","678","P","King","170124","01/01/1995 0:00:00","Pastor alemán","","","",""
"739","679","P","King","2050492F18","01/01/1999 0:00:00","Alaskan malamute","","","",""
"740","680","P","Kaira","02268841Y","01/01/1999 0:00:00","Rottweiler","","","",""
"741","681","P","Kira","00","","Pequines","","","",""
"742","682","P","Kas","724098101124805","01/01/2001 0:00:00","Labrador","","","",""
"743","683","P","Kiko","404D7E2311","01/10/1997 0:00:00","Pastor belga","Adiestramiento en 1998","","",""
"744","684","P","King","0977200001522279","01/06/2002 0:00:00","Fox terrier","","M","N",""
"745","685","P","Kenia","121529585A","01/01/1998 0:00:00","Pastor alemán","","","",""
"746","686","P","King","00","01/01/1998 0:00:00","Mestizo","","","",""
"747","687","P","Kike","116145124A","01/01/1996 0:00:00","Doberman","Adiestramiento- obediencia en 1997","","",""
"748","688","P","Kushka","111665217A","01/01/1995 0:00:00","Samoyedo","ya no la tienen","M","N",""
"749","689","P","Kati","403C1B1F36","01/01/1996 0:00:00","Pastor alemán","","","",""
"750","690","P","Kolia","07506494F","01/01/1997 0:00:00","Mestizo","","","",""
"751","691","P","Kiko","000","01/01/1993 0:00:00","Yorkshire","","","",""
"752","691","P","Toby","000","01/01/1996 0:00:00","Yorkshire","","","",""
"753","692","P","Krügger","00672194L","01/06/1999 0:00:00","Rottweiler","","","",""
"754","692","P","Freddy","000","01/01/1990 0:00:00","Beagle","","","",""
"755","693","P","Keny","00","01/01/1997 0:00:00","","","","",""
"756","694","P","Kas","41004B6300","01/01/1997 0:00:00","Cairn terrier","","M","N",""
"757","695","P","Koldo","7F7B1C5B46","01/01/1991 0:00:00","Cocker","","","",""
"758","696","P","Kena","1F215C6D77","01/01/1987 0:00:00","Fox terrier","","","",""
"759","697","P","Kopol","000","01/01/1994 0:00:00","Setter ingles","","","",""
"760","698","P","Kevin","20042F416C","01/01/1995 0:00:00","Beagle","","","",""
"761","699","P","Kabul","20285C1E3","01/01/1995 0:00:00","Pastor alemán","","","",""
"762","700","P","Kaiku","000","01/01/1988 0:00:00","Mestizo","","","",""
"763","701","P","Kilas","000","","Braco italiano","","","",""
"764","701","P","Pichi","000","","Basset hound","","","",""
"765","702","P","Kika","1F221C2F74","01/01/1993 0:00:00","Pastor belga","","","",""
"766","703","P","Kira","1F30474E1C","01/01/1993 0:00:00","Mestizo","","","",""
"767","704","P","Kay","0977200001539462","01/01/2002 0:00:00","Boxer","","","",""
"768","705","P","Kopo","977200004770542","01/01/1997 0:00:00","Mestizo","","","",""
"769","706","P","Laiky","000","01/01/1999 0:00:00","Schnauzer mini","","","",""
"770","707","P","Luna","0977200004366841","01/08/2003 0:00:00","Mestizo","","M","N",""
"771","707","P","Cuca","111519697A","01/01/1992 0:00:00","Mestizo","","M","N",""
"772","708","P","Lucas","412C290754","14/04/1998 0:00:00","Pointer","","M","N",""
"773","709","P","Leon","977200001370529","01/11/2003 0:00:00","Labrador negro","","M","N",""
"774","710","P","Lucas","982009101683738","01/01/2004 0:00:00","Golden retriever","","M","N",""
"775","711","P","Lucas","977200000716741","01/01/1999 0:00:00","Schnauzer","","","",""
"776","712","P","Luna","000","01/06/2003 0:00:00","Alaskan malamute","","","",""
"777","713","P","Lua","40794C5639","01/01/1997 0:00:00","Pastor alemán","","","",""
"778","714","P","Lucas","985120015861690","01/01/2004 0:00:00","Cocker","","","",""
"779","715","P","Lucas","977200000697016","01/01/1999 0:00:00","Cocker","","M","N",""
"780","716","P","Luna","116157171A","01/01/1996 0:00:00","Podenco","","","",""
"781","717","P","Lucky","0977200001554764","01/01/1994 0:00:00","Cocker negro","","","",""
"782","718","P","Lor","724098100541178","01/07/2003 0:00:00","Pastor alemán","","","",""
"783","719","P","Laika","977200000541684","01/01/1998 0:00:00","Bobtail","","","",""
"784","720","P","Laika","41044E1263","","Cocker","","","",""
"785","721","P","Lucas","00","","Fox terrier","","","",""
"786","722","P","Linda","977200005415817","01/06/2003 0:00:00","Beagle","","","",""
"787","723","P","Luna","977200001175841","01/01/2000 0:00:00","Yorkshire","","","",""
"788","724","P","CESAR","977200005663198","06/12/2006 0:00:00","Teckel","Amigo Gonzalo cobrar a 12 ","M","N",""
"789","725","P","Lingua","115655652A","01/01/1997 0:00:00","Mestizo","","","",""
"790","726","P","Lola","00","01/01/2000 0:00:00","Pastor alemán","","M","N",""
"791","727","P","Lua","00","01/01/1995 0:00:00","Cocker","","","",""
"792","728","P","Loco","116559537A","01/01/1997 0:00:00","Bobtail","","","",""
"793","729","P","Lasy","41010A4E6D","01/01/1997 0:00:00","Husky","","M","N",""
"794","730","P","Lamina","1F51332538","01/01/1995 0:00:00","Mestizo","","","",""
"795","731","P","Luca","977200000575060","01/01/1999 0:00:00","Mestizo","","","",""
"796","732","P","Lana","0977200001599921","","Cocker negro","","","",""
"797","733","P","Laika","20021F7946","01/01/1987 0:00:00","Pastor alemán","","","",""
"798","733","P","Bert","1F19376C25","01/01/1990 0:00:00","Pastor alemán","","","",""
"799","734","P","Lucas","115979170A","01/01/1997 0:00:00","Cocker","","","",""
"800","735","P","Lupo","977200000715263","01/01/2000 0:00:00","Husky","","","",""
"801","736","P","Lolita","00","01/01/1998 0:00:00","Rottweiler","","","",""
"802","737","P","Lenin","0977200001730805","01/11/2002 0:00:00","Pastor alemán","","","",""
"803","738","P","Lara","985100010093481","01/01/2001 0:00:00","Mestizo","","","",""
"804","739","P","Luna","0977200001291876","01/07/2002 0:00:00","Mestizo","","","",""
"805","740","P","Laika","985100009726484","01/01/2000 0:00:00","Cocker","","","",""
"806","741","P","Little","00","01/01/1999 0:00:00","Stafford terrier","","","",""
"807","742","P","Lucas","977200001172917","01/01/1993 0:00:00","Labrador","","","",""
"808","743","P","Lotte","414B74736D","01/05/1998 0:00:00","Labrador","","","",""
"809","743","P","Rubí","41432C4057","01/04/1998 0:00:00","Labrador","","","",""
"810","744","P","Luna","00","01/01/1994 0:00:00","Beagle","","","",""
"811","745","P","Lennon","114735734A","01/01/1997 0:00:00","Caniche","","","",""
"812","746","P","Lucky","00","01/01/1998 0:00:00","Mestizo","","","",""
"813","747","P","Larry","724098100147776","01/01/1999 0:00:00","Teckel","","","",""
"814","747","P","Hook","1F34447277","01/01/1994 0:00:00","Teckel","","","",""
"815","748","P","Lucas","985100005649306","01/04/2001 0:00:00","Shitzu","","","",""
"816","749","P","Laika","44465495F","01/12/1998 0:00:00","Akita inuk","","","",""
"817","749","P","Nena","00","","Akita inuk","","","",""
"818","750","P","Luna","00","01/01/2001 0:00:00","Mestizo","","","",""
"819","751","P","Lucas","00","01/01/1993 0:00:00","Rottweiler","","","",""
"820","751","P","Lola","00","01/01/1995 0:00:00","Rottweiler","","","",""
"821","751","P","Chuc","00","01/01/1995 0:00:00","Rottweiler","","","",""
"822","752","P","Leoncia","00","01/02/2001 0:00:00","Shar-pei","","","",""
"823","753","P","Leon","00","01/01/1996 0:00:00","Boxer","Adiestramiento y obediencia en 1996, se le hacía descuento","","",""
"824","754","P","Lola","00","","Basset hound","","M","S",""
"825","755","P","Luna","00","01/09/2003 0:00:00","Golden retriever","","","",""
"826","756","P","Lobo","406641003C","01/01/1996 0:00:00","Pastor alemán","","","",""
"827","757","P","Laika","116835271A","01/07/1997 0:00:00","Husky","","","",""
"828","758","P","Luna","116964773A","01/05/1998 0:00:00","Mestizo","","","",""
"829","759","P","Lasky","40793E3529","01/01/1998 0:00:00","Mestizo","Adiestramiento obediencia en 1999","","",""
"830","760","P","Leika","985100005470957","01/01/1999 0:00:00","Mestizo","","","",""
"831","761","P","LUA","121528331A","01/01/1995 0:00:00","Pastor Alemán","","","",""
"832","762","P","Luna","724098100309603","01/02/2002 0:00:00","Pastor alemán","","","",""
"833","763","P","Luna","00","01/01/1999 0:00:00","Mestizo","","","",""
"834","764","P","Laya","00","01/01/2000 0:00:00","Cocker","","","",""
"835","765","P","Luna","00","01/01/1997 0:00:00","Mastín castellano","Adiestramiento en 1997","","",""
"836","766","P","Lord","00","01/01/1994 0:00:00","Pastor alemán","","","",""
"837","767","P","Leila","405D547123","01/01/1996 0:00:00","Mestizo","","","",""
"838","768","P","Luna","1F2E687D4E","01/01/1993 0:00:00","Cocker","","","",""
"839","769","P","Luky","121236646A","01/01/1997 0:00:00","Mestizo","","","",""
"840","770","P","Lan","05399591L","","Pastor alemán","","","",""
"841","771","P","Laika","4101083A14","01/01/1998 0:00:00","Mestizo","","","",""
"842","772","P","Lucky","403B23413A","01/01/1998 0:00:00","Pastor alemán","","","",""
"843","773","P","Lucca","00","01/01/1996 0:00:00","Fox terrier","","","",""
"844","774","P","Lorc","122611493A","01/01/1998 0:00:00","Mestizo","","","",""
"845","775","P","Lucas","977200001321659","01/01/2001 0:00:00","Westhighland","","M","N",""
"846","776","P","Lobo","724098100292981","01/01/2001 0:00:00","Cocker","","","",""
"847","777","P","Lola","985100010059352","01/01/2001 0:00:00","Mestiza mediana - grande","","H","N",""
"848","778","P","Luz","00","01/01/1997 0:00:00","Labrador negro","","","",""
"849","778","P","Tina","00","01/01/1997 0:00:00","Labrador negro","","","",""
"850","779","P","Luna","00","01/01/1997 0:00:00","Cocker","","","",""
"851","780","P","Lola","15974067","01/01/1990 0:00:00","Cocker","","","",""
"852","781","P","Lory","000","","","","","",""
"853","782","P","Lar","000","01/01/1996 0:00:00","Fox terrier","","","",""
"854","783","P","Loqui","1F55594A69","01/01/1988 0:00:00","Mestizo","","","",""
"855","784","P","Lara","203C515003","01/01/1993 0:00:00","Pastor alemán","","","",""
"856","785","P","Luma","0001FBA3C8","01/01/1995 0:00:00","Husky Siberiano","","","",""
"857","786","P","Laky","97720000130574Y","01/01/2001 0:00:00","Labrador","","","",""
"858","787","P","Luna","412E462150","01/01/1995 0:00:00","Mestizo","","","",""
"859","788","P","Lucas","1F2D6C2424","01/01/1994 0:00:00","Gos d'atura","","","",""
"860","789","P","Laika","557581","01/12/1998 0:00:00","Husky siberiano","","","",""
"861","790","P","Lisa","412D5B3B6C","01/01/1997 0:00:00","Husky","","","",""
"862","791","P","Wanda","2013156256","01/01/1994 0:00:00","American stafford","","","",""
"863","792","P","Lasy","724098101027315","01/01/1998 0:00:00","Mestizo","","","",""
"864","793","P","Lucky","1F22701D32","01/01/1993 0:00:00","Mestizo","","","",""
"865","794","P","Lea","1F775D434A","01/01/1989 0:00:00","Setter irlandes","","","",""
"866","795","P","Lucas","122137580A","01/01/1996 0:00:00","Pastor belga","","","",""
"867","796","P","Luna","000","01/01/1998 0:00:00","Golden retriver","","","",""
"868","797","P","Luca","1F075E6C10","","Cocker","","","",""
"869","798","P","LÍDER","117575546A","01/01/1998 0:00:00","Dálmata","","","",""
"870","799","P","LIAN","111675461A","01/01/1997 0:00:00","Pastor Alemán","","","",""
"871","800","P","Lluc","000000000000","01/01/2002 0:00:00","Boxer","","","",""
"872","801","P","LOLO","4051361E55","01/01/1998 0:00:00","Pastor Mallorquín","","","",""
"873","802","P","LAIKA","977200000660526","01/01/1999 0:00:00","Alaskan Malamute","","","",""
"874","803","P","LAGUN","0000000000000000","","","","","",""
"875","804","P","LOBO","1f3160430D","","","","","",""
"876","804","P","Lucas","122476252A","01/01/2002 0:00:00","Mestizo","","","",""
"877","805","P","Lucas","00","","Cocker","","M","S",""
"878","806","P","Lula","7F7D151952","01/01/1990 0:00:00","Pequinés","","","",""
"879","807","P","Lola","985120006723670","01/01/2000 0:00:00","Labrador negro","","","",""
"880","808","P","Lucas","009100326847","01/01/2000 0:00:00","Ratonero","","","",""
"881","809","P","Liam","0977200001365915","01/03/2002 0:00:00","Labrador","","","",""
"882","810","P","Luna","00","01/01/1999 0:00:00","Mestizo","","","",""
"883","811","P","Lía","4144477619","01/01/1999 0:00:00","Mestizo","","M","N",""
"884","812","P","Luna","00","01/01/1998 0:00:00","Mestizo","","","",""
"885","813","P","Lucas","405B133929","01/05/1996 0:00:00","Cocker","","M","N",""
"886","814","P","Lea","20557A6928","01/02/1995 0:00:00","Bretón","","","",""
"887","815","HAM","SIMBA","000","23/01/2006 0:00:00","Enano Angora","","M","N","Blanco"
"888","815","P","CHISPA","000","21/07/2006 0:00:00","Chihuahua","","H","N","negra"
"889","816","P","Lucas","977200001324242","01/01/2003 0:00:00","Jack Russell terrier","","","",""
"890","817","P","Luk","00","01/01/2001 0:00:00","Pastor alemán","","","",""
"891","818","P","Luna","977200000721978","01/01/1999 0:00:00","Bobtail","","","",""
"892","819","P","Linda","724098101072377","01/01/1999 0:00:00","","","","",""
"893","820","P","Linda","00","01/01/1997 0:00:00","Pastor alemán","","","",""
"894","821","P","Laisi","977200001150585","01/01/2000 0:00:00","Mestizo","","","",""
"895","822","P","Laika","977200000510797","01/01/1999 0:00:00","Mastín","","","",""
"896","823","P","Laika","985100006235096","01/01/1999 0:00:00","Golden retriever","","","",""
"897","824","P","Linda","01960601N","01/03/2002 0:00:00","Mestizo","","","",""
"898","825","P","Lluqui","00","01/01/1988 0:00:00","","","","",""
"899","826","P","Lis","4079664454","01/01/1998 0:00:00","Bretón","","","",""
"900","827","P","Luna","20297C102B","01/01/1994 0:00:00","Labrador","","","",""
"901","828","P","Lady","1F2B783608","01/01/1884 0:00:00","Cocker","","","",""
"902","828","P","Tucana","1F2B795766","01/01/1989 0:00:00","Cocker","","","",""
"903","829","P","Loba","1F69684A46","01/01/1996 0:00:00","Pastor belga","","","",""
"904","830","P","Lucas","2034591033","01/01/1994 0:00:00","Mestizo","","","",""
"905","831","P","Luna","1F252D414E","01/01/1993 0:00:00","Bobtail","","","",""
"906","832","P","Luna","205062111D","01/01/1994 0:00:00","Schnauzer gigante","","","",""
"907","833","P","Lucas","1F2E0E1015","01/01/1983 0:00:00","Cair terrier","","","",""
"908","834","P","Luna","1F2E687D4E","01/01/1992 0:00:00","Cocker negro","","","",""
"909","835","P","Lucky","1F11380315","01/01/1995 0:00:00","Pastor alemán pelo largo","","","",""
"910","836","P","Luca","00","01/01/1998 0:00:00","Mestizo","","","",""
"911","837","P","Lua","00","01/01/1999 0:00:00","Cocker negro","","","",""
"912","838","P","Luna","4142006248","01/01/1997 0:00:00","Husky","","","",""
"913","839","P","Lucky","977200001082476","01/01/1999 0:00:00","Teckel pelo corto","","","",""
"914","840","P","Lira","985120005113900","01/01/2001 0:00:00","Golden retriever","","","",""
"915","841","P","Lola","111754565A","01/01/1996 0:00:00","Labrador","","","",""
"916","842","P","Linda","1F28394F31","01/01/1993 0:00:00","Pastor alemán","","","",""
"917","843","P","Luca","00","01/01/2002 0:00:00","Cocker","","","",""
"918","844","P","Lucky","121956532A","01/01/1998 0:00:00","Mestizo","","M","N",""
"919","845","P","Labra","1F14182312","01/01/1991 0:00:00","Mestizo","","","",""
"920","846","P","Lara","00","01/01/1999 0:00:00","Staffordshire terrier americano","Adiestramiento en 2002","","",""
"921","847","P","Lua","00","","Mestizo","","","",""
"922","848","P","Lelo","00","","Westhighland","","","",""
"923","849","P","Laska","4140547779","01/01/1998 0:00:00","Mestizo","Perra celiaca - no puede comer cereales","M","N",""
"924","850","P","Luz","4115266509","01/01/1999 0:00:00","Mestizo de labrador","","M","N",""
"925","851","P","Luna","112746696A","01/01/1996 0:00:00","Cocker","","","",""
"926","852","P","Lisi","00","01/01/1998 0:00:00","Pastor belga","","","",""
"927","853","P","Lara","41001D4834","","Mestizo de husky","","","",""
"928","854","P","Lola","4079705037","01/01/1997 0:00:00","Pastor alemán","","","",""
"929","855","P","Lara","3422621","01/01/1996 0:00:00","","","","",""
"930","856","P","Lua","00","01/01/2000 0:00:00","Rottweiler","","","",""
"931","857","P","Lucas","7240981004011642","01/01/2002 0:00:00","Cocker","Adiestramiento en 2003","M","N",""
"932","858","P","Lor","00","01/01/2000 0:00:00","Boxer","","","",""
"933","858","P","Kira","00","01/01/2000 0:00:00","Boxer","","","",""
"934","859","P","Linda","2011061E2B","01/01/1987 0:00:00","Mestizo","","","",""
"935","860","P","Lucas","724098100387580","01/01/2002 0:00:00","Mestizo","","","",""
"936","861","P","Lasky","00","01/01/1993 0:00:00","Springuer","","","",""
"937","862","P","Libra","116452294A","01/01/1998 0:00:00","Cocker","NO VOLVER A ADMITIR","","",""
"938","863","P","Linda","977200001061440","","Golden retriever","","","",""
"939","863","P","Lara","977200005421875","","Golden retriever","","","",""
"940","863","P","Pancho","407937702A","","Golden retriever","","","",""
"941","864","P","Lazo","724098101216227","01/01/2001 0:00:00","Westhighland","","M","N",""
"942","865","P","Lisa","00","","Labrador","","","",""
"943","865","P","Ron","00","","Labrador","","","",""
"944","866","P","Luna","407929707A","01/01/1996 0:00:00","Labrador","","","",""
"945","867","P","Luz","4115266509","01/01/0199 0:00:00","Labrador","","","",""
"946","868","P","Lola","985101020069786","01/01/2003 0:00:00","Mestizo","","H","N",""
"947","869","P","COBINTON","985120005866779","01/01/1999 0:00:00","Labrador","","","",""
"948","870","P","CURRA","116319761A","01/02/1994 0:00:00","Golden Retriever","Cobrar 12€ dia / Sacrificada el 19/11/2007","M","N",""
"949","871","P","CHINA","000000000000","01/01/2003 0:00:00","Mastín","Falta nº de chip","","",""
"950","872","P","Athor","724098100537234","01/01/2004 0:00:00","Boxer","","","",""
"951","873","P","Aaron","4079003679","01/01/1997 0:00:00","Mestizo","","","",""
"952","874","P","Boby","121636585 A","01/01/1997 0:00:00","Pastor Alemán","","","",""
"953","875","P","Betsy","977200005420594","01/02/2004 0:00:00","Westh Higland Terrier","","M","N",""
"954","876","P","Budy","116976511  A","01/01/1998 0:00:00","Cocker Ruano","","","",""
"955","877","P","Baco","412C3A6A4E","15/04/1997 0:00:00","Rottweiller","","M","N",""
"956","878","P","China","0","01/01/2003 0:00:00","Westh Hyland ","","","",""
"957","879","P","Canela","0977200004451619","01/01/2003 0:00:00","Golden Retriver","","","",""
"958","880","P","Cachis","977200005025636","01/01/2003 0:00:00","Mestizo","","","",""
"959","881","P","Max","00","","Mestizo","","","",""
"960","881","P","Piggy","00","","Mestizo","","","",""
"961","882","P","Mason","985100010396129","01/03/2003 0:00:00","Labrador","","","",""
"962","883","P","Mike","0977200001467764","01/01/2003 0:00:00","Yorkshire terrier","","","",""
"963","884","P","Monchito","985120014472747","21/07/2002 0:00:00","Cocker","","M","N",""
"964","885","P","Max","9772000005053010","01/01/2003 0:00:00","Husky","","","",""
"965","886","P","Max","985100010059414","01/01/2001 0:00:00","Yorkshire terrier","","","",""
"966","886","P","Mafi","977200001143084","01/01/2001 0:00:00","Yorkshire terrier","","","",""
"967","887","P","Max","985100006179716","01/01/1998 0:00:00","Schnauzer ","","M","N",""
"968","888","P","Mac","977200000728113","01/01/1999 0:00:00","Westhighland","","M","S",""
"969","889","P","Morriña","2012263078","01/01/1995 0:00:00","Pastor alemán","","","",""
"970","890","P","Mico","000","01/01/1991 0:00:00","mestizo","","","",""
"971","890","P","Chiqui","00","","mestizo","","","",""
"972","891","P","Moro","1F16613A30","01/01/1993 0:00:00","Mestizo","","","",""
"973","892","P","Mac","120968177A","01/01/1996 0:00:00","Westhighland","","","",""
"974","893","P","Mack","388462","01/01/1996 0:00:00","Mastín del pirineo","Adiestramiento OB","","",""
"975","894","P","Mac","2050756437","01/01/1994 0:00:00","Samoyedo","","","",""
"976","895","P","Miko","985120015295813","01/07/2003 0:00:00","Yorkshire terrier","","","",""
"977","896","P","Milu","41043D3E55","01/01/1996 0:00:00","Fox terrier","","","",""
"978","897","P","Mora","20284B6607","01/01/1995 0:00:00","Mestiza","","","",""
"979","898","P","Max","985100005471569","01/01/1999 0:00:00","presa canario","","","",""
"980","898","P","Cora","111749335A","01/01/1999 0:00:00","Presa canario","","","",""
"981","899","P","Meiga","2017667A69","01/01/1994 0:00:00","Cocker","","","",""
"982","900","P","Milo","00","","","","","",""
"983","901","P","May","226B682E49","01/01/1997 0:00:00","Caniche","","","",""
"984","902","P","Mickey","407D17555B","01/01/1997 0:00:00","Gos d´atura","","","",""
"985","903","P","Max","221A246410","01/01/1996 0:00:00","Pastor alemán","","","",""
"986","903","P","Tobias","00","01/01/1996 0:00:00","Pastor alemán","","","",""
"987","904","P","Mak","51073933H","01/01/1993 0:00:00","Cocker","","","",""
"988","905","P","Mel","41404E6341","17/10/1997 0:00:00","Mestizo Shar pei - Boxer","","M","N","canela"
"989","906","P","Milu","2035547E59","01/01/1994 0:00:00","","","","",""
"990","907","P","Max","M154917","01/01/1992 0:00:00","Bobtail","","","",""
"991","908","P","Miki","7F7D790244","01/01/1990 0:00:00","Whesthighland","","","",""
"992","909","P","Hissie","00","01/01/1998 0:00:00","Mestizo","","","",""
"993","909","P","Savage","00","01/01/1998 0:00:00","Mestizo","","","",""
"994","910","P","Mauro","L07C5F073A","01/01/1998 0:00:00","Cocker","","","",""
"995","911","P","Mos","977200000679209","01/01/1998 0:00:00","Mestizo","","","",""
"996","912","P","Mega","992009100915169","01/01/1992 0:00:00","Mestizo","","","",""
"997","913","P","Marley","00","","Pulli","","","",""
"998","914","P","Mori","7F7A204F6C","01/01/1993 0:00:00","Pastor alemán","","","",""
"999","915","P","Magallanes","724098101256765","","Mestizo","","","",""
"1000","916","P","Mancuso","2016012A1F","","Pointer","","","",""
"1001","917","P","Marco","1896002C","01/01/1996 0:00:00","Rottweiler","","","",""
"1002","917","P","Mila","00","01/01/1998 0:00:00","Schnauzer","","","",""

